Workbook

Sheet Index
A1: No. | B1: Pay_item_number | C1: Description | D1: EQR Page
A2: 1 | B2: 0635 2 11 | C2: PULL & SPLICE BOX, F&I, 13" x 24" COVER SIZE | D2: 2
A3: 2 | B3: 0104 18 | C3: INLET PROTECTION SYSTEM | D3: 11
A4: 3 | B4: 0107 1 | C4: LITTER REMOVAL | D4: 13
A5: 4 | B5: 0107 2 | C5: MOWING | D5: 13
A6: 5 | B6: 0110 4 10 | C6: REMOVAL OF EXISTING CONCRETE | D6: 14
A7: 6 | B7: 0110 1 1 | C7: CLEARING & GRUBBING | D7: 14
A8: 7 | B8: 0110 4 10 | C8: REMOVAL OF EXISTING CONCRETE | D8: 17
A9: 8 | B9: 0110 1 1 | C9: CLEARING & GRUBBING | D9: 17
A10: 9 | B10: 0425 1451 | C10: INLETS, CURB, TYPE J-5, <10' | D10: 19
A11: 10 | B11: 0425 5 | C11: MANHOLE, ADJUST | D11: 20
A12: 11 | B12: 0632 7 1 | C12: SIGNAL CABLE- NEW OR RECONSTRUCTED INTERSECTION, FURNISH & INSTALL | D12: 32
A13: 12 | B13: 0632 7 6 | C13: SIGNAL CABLE, REMOVE- INTERSECTION | D13: 32
... A32: 22 | B32: 0650 1 60 | C32: VEHICULAR TRAFFIC SIGNAL, REMOVE- POLES TO REMAIN | D32: 36

Sheet 0635 2 11_x0009_PULL & SPLICE BOX, F&
A1: Final Measure :0635 2 11 PULL & SPLICE BOX, F&I, 13 X 24 COVER SIZE | N1: Ir al Indice
N2: Ir a Pag. 2
A3: Pay Item Number | B3: Pay Item Description | C3: Units of Measure | D3: Quantity | F3: Total Quantity | H3: Location
D4: P | E4: F | F4: P | G4: F | H4: Alignment | I4: Beging Sta. | J4: End Sta. | K4: Side | L4: Description: | M4: Estimate#:
A5: Column1 | B5: Column2 | C5: Column3 | D5: Column4 | E5: Column5 | F5: Column6 | G5: Column7 | H5: Column8 | I5: Column9 | J5: Column10 | K5: Column11 | L5: Column12 | M5: Column13
A6: ='Page 2'!A4 -> 0635 2 11 | B6: ='Page 2'!B4 -> Pull & Splice Box, F&I, 13 X 24 Cover Size | C6: ='Page 2'!D4 -> EA | D6: 1 | E6: 1 | F6: ='Page 2'!G4 -> 3 | G6: ='Page 2'!H4 -> 0 | H6: ='Page 2'!L4 -> BLSR976 | I6: ='Page 2'!M4 -> 412+70.26 | J6: ='Page 2'!N4 -> 412+70.26 | K6: ='Page 2'!O4 -> RT
D7: ='Page 2'!E5 -> 1 | E7: 1 | F7: ='Page 2'!G5 -> 0 | G7: ='Page 2'!H5 -> 0 | H7: ='Page 2'!L5 -> BLSR976 | I7: ='Page 2'!M5 -> 413+47.53 | J7: ='Page 2'!N5 -> 413+47.53 | K7: ='Page 2'!O5 -> RT
D8: ='Page 2'!E6 -> 1 | E8: 1 | F8: ='Page 2'!G6 -> 0 | G8: ='Page 2'!H6 -> 0 | H8: ='Page 2'!L6 -> BLSR976 | I8: ='Page 2'!M6 -> 414+35.31 | J8: ='Page 2'!N6 -> 414+35.31 | K8: ='Page 2'!O6 -> RT
A43: Sub-Total: | D43: =SUM(D6:D42) -> 3 | E43: =SUM(E6:E42) -> 3
C45: Date:

Sheet 0104 18_x0009_INLET PROTECTION SYST
A1: Final Measure : 0104 18 INLET PROTECTION SYSTEM | N1: Ir al Indice
N2: Ir a Pag. 11
A3: Pay Item Number | B3: Pay Item Description | C3: Units of Measure | D3: Quantity | F3: Total Quantity | H3: Location
D4: P | E4: F | F4: P | G4: F | H4: Alignment | I4: Beging Sta. | J4: End Sta. | K4: Side | L4: Description: | M4: Estimate#:
A5: Column1 | B5: Column2 | C5: Column3 | D5: Column4 | E5: Column5 | F5: Column6 | G5: Column7 | H5: Column8 | I5: Column9 | J5: Column10 | K5: Column11 | L5: Column12 | M5: Column13
A6: ='Page 11'!A4 -> 0104 18 | B6: ='Page 11'!B4 -> Inlet Protection System | C6: ='Page 11'!D4 -> EA | D6: ='Page 11'!E4 -> 1 | E6: 1 | F6: ='Page 11'!G4 -> 35 | G6: ='Page 11'!H4 -> 0 | H6: ='Page 11'!I4 -> BLSR976 | I6: ='Page 11'!J4 -> 411+42.40 | J6: ='Page 11'!K4 -> 411+53.25 | K6: ='Page 11'!L4 -> RT
D7: ='Page 11'!E5 -> 1 | E7: 1 | F7: ='Page 11'!G5 -> 0 | G7: ='Page 11'!H5 -> 0 | H7: ='Page 11'!I5 -> BLSR976 | I7: ='Page 11'!J5 -> 411+91.82 | J7: ='Page 11'!K5 -> 412+02.66 | K7: ='Page 11'!L5 -> LT
D8: ='Page 11'!E6 -> 1 | E8: 1 | F8: ='Page 11'!G6 -> 0 | G8: ='Page 11'!H6 -> 0 | H8: ='Page 11'!I6 -> BLSR976 | I8: ='Page 11'!J6 -> 413+45.44 | J8: ='Page 11'!K6 -> 413+56.41 | K8: ='Page 11'!L6 -> RT
D9: ='Page 11'!E7 -> 1 | E9: 1 | F9: ='Page 11'!G7 -> 0 | G9: ='Page 11'!H7 -> 0 | H9: ='Page 11'!I7 -> BLSR976 | I9: ='Page 11'!J7 -> 413+53.31 | J9: ='Page 11'!K7 -> 413+64.16 | K9: ='Page 11'!L7 -> LT
D10: ='Page 11'!E8 -> 1 | E10: 1 | F10: ='Page 11'!G8 -> 0 | G10: ='Page 11'!H8 -> 0 | H10: ='Page 11'!I8 -> BLSR976 | I10: ='Page 11'!J8 -> 418+46.66 | J10: ='Page 11'!K8 -> 418+57.22 | K10: ='Page 11'!L8 -> RT
D11: ='Page 11'!E9 -> 1 | E11: 1 | F11: ='Page 11'!G9 -> 0 | G11: ='Page 11'!H9 -> 0 | H11: ='Page 11'!I9 -> BLSR976 | I11: ='Page 11'!J9 -> 419+25.89 | J11: ='Page 11'!K9 -> 419+36.28 | K11: ='Page 11'!L9 -> RT
D12: ='Page 11'!E10 -> 1 | E12: 1 | F12: ='Page 11'!G10 -> 0 | G12: ='Page 11'!H10 -> 0 | H12: ='Page 11'!I10 -> BLSR976 | I12: ='Page 11'!J10 -> 419+90.30 | J12: ='Page 11'!K10 -> 420+06.43 | K12: ='Page 11'!L10 -> LT
D13: ='Page 11'!E11 -> 1 | E13: 1 | F13: ='Page 11'!G11 -> 0 | G13: ='Page 11'!H11 -> 0 | H13: ='Page 11'!I11 -> BLSR976 | I13: ='Page 11'!J11 -> 420+44.54 | J13: ='Page 11'!K11 -> 420+55.01 | K13: ='Page 11'!L11 -> LT
D14: ='Page 11'!E12 -> 1 | E14: 1 | F14: ='Page 11'!G12 -> 0 | G14: ='Page 11'!H12 -> 0 | H14: ='Page 11'!I12 -> BLSR976 | I14: ='Page 11'!J12 -> 421+41.36 | J14: ='Page 11'!K12 -> 421+41.91 | K14: ='Page 11'!L12 -> LT
D15: ='Page 11'!E13 -> 1 | E15: 1 | F15: ='Page 11'!G13 -> 0 | G15: ='Page 11'!H13 -> 0 | H15: ='Page 11'!I13 -> BLSR976 | I15: ='Page 11'!J13 -> 421+56.86 | J15: ='Page 11'!K13 -> 421+57.30 | K15: ='Page 11'!L13 -> RT
D16: ='Page 11'!E14 -> 1 | E16: 1 | F16: ='Page 11'!G14 -> 0 | G16: ='Page 11'!H14 -> 0 | H16: ='Page 11'!I14 -> BLSR976 | I16: ='Page 11'!J14 -> 421+59.30 | J16: ='Page 11'!K14 -> 421+59.46 | K16: ='Page 11'!L14 -> RT
D17: ='Page 11'!E15 -> 1 | E17: 1 | F17: ='Page 11'!G15 -> 0 | G17: ='Page 11'!H15 -> 0 | H17: ='Page 11'!I15 -> BLSR976 | I17: ='Page 11'!J15 -> 422+24.32 | J17: ='Page 11'!K15 -> 422+24.88 | K17: ='Page 11'!L15 -> LT
D18: ='Page 11'!E16 -> 1 | E18: 1 | F18: ='Page 11'!G16 -> 0 | G18: ='Page 11'!H16 -> 0 | H18: ='Page 11'!I16 -> BLSR976 | I18: ='Page 11'!J16 -> 422+32.16 | J18: ='Page 11'!K16 -> 422+32.32 | K18: ='Page 11'!L16 -> RT
... D36: ='Page 11'!E34 -> 1 | E36: 1 | F36: ='Page 11'!G34 -> 0 | G36: ='Page 11'!H34 -> 0 | H36: ='Page 11'!I34 -> BLSR976 | I36: ='Page 11'!J34 -> 429+62.65 | J36: ='Page 11'!K34 -> 429+68.65 | K36: ='Page 11'!L34 -> LT
D37: ='Page 12'!E4 -> 1 | E37: 1 | F37: ='Page 12'!G4 -> 0 | G37: ='Page 12'!H4 -> 0 | H37: ='Page 12'!I4 -> BLSR976 | I37: ='Page 12'!J4 -> 429+68.66 | J37: ='Page 12'!K4 -> 429+74.66 | K37: ='Page 12'!L4 -> LT
D38: ='Page 12'!E5 -> 1 | E38: 1 | F38: ='Page 12'!G5 -> 0 | G38: ='Page 12'!H5 -> 0 | H38: ='Page 12'!I5 -> BLSR976 | I38: ='Page 12'!J5 -> 429+74.66 | J38: ='Page 12'!K5 -> 429+80.66 | K38: ='Page 12'!L5 -> LT
D39: ='Page 12'!E6 -> 1 | E39: 1 | F39: ='Page 12'!G6 -> 0 | G39: ='Page 12'!H6 -> 0 | H39: ='Page 12'!I6 -> BLSR976 | I39: ='Page 12'!J6 -> 429+80.66 | J39: ='Page 12'!K6 -> 429+86.66 | K39: ='Page 12'!L6 -> LT
D40: ='Page 12'!E7 -> 1 | E40: 1 | F40: ='Page 12'!G7 -> 0 | G40: ='Page 12'!H7 -> 0 | H40: ='Page 12'!I7 -> BLSR976 | I40: ='Page 12'!J7 -> 429+86.66 | J40: ='Page 12'!K7 -> 429+92.66 | K40: ='Page 12'!L7 -> LT
A43: Sub-Total: | D43: =SUM(D6:D42) -> 35 | E43: =SUM(E6:E42) -> 35
C45: Date:

Sheet _x0009_0107  1_x0009_LITTER REMOVAL
A1: Final Measure : 2 0107 1 LITTER REMOVAL AND DISPOSAL | N1: Ir al Indice
N2: Ir a Pag 13
A3: Pay Item Number | B3: Pay Item Description | C3: Units of Measure | D3: Quantity | F3: Total Quantity | H3: Location
D4: P | E4: F | F4: P | G4: F | H4: Alignment | I4: Beging Sta. | J4: End Sta. | K4: Side | L4: Description: | M4: Estimate#:
A5: Column1 | B5: Column2 | C5: Column3 | D5: Column4 | E5: Column5 | F5: Column6 | G5: Column7 | H5: Column8 | I5: Column9 | J5: Column10 | K5: Column11 | L5: Column12 | M5: Column13
A6: ='Page 13'!A4 -> 0107 1 | B6: ='Page 13'!B4 -> Litter Removal And Disposal | C6: ='Page 13'!D4 -> AC | D6: ='Page 13'!M4 -> 11.2 | E6: ='Page 13'!N4 -> 0 | F6: ='Page 11'!G4 -> 35 | G6: ='Page 11'!H4 -> 0 | H6: ='Page 13'!P4 -> BLSR976 | I6: ='Page 13'!Q4 -> 412+85.00 | J6: ='Page 13'!R4 -> 428+90.00 | K6: ='Page 13'!S4 -> RT
A7: ='Page 13'!A5 -> 0 | B7: ='Page 13'!B5 -> 0 | C7: ='Page 13'!D5 -> 0 | D7: ='Page 13'!M5 -> 0 | E7: ='Page 13'!N5 -> 0 | F7: ='Page 11'!G5 -> 0 | G7: ='Page 11'!H5 -> 0 | H7: ='Page 13'!P5 -> BLSR976 | I7: ='Page 13'!Q5 -> 412+85.00 | J7: ='Page 13'!R5 -> 428+90.00 | K7: ='Page 13'!S5 -> LT
A8: ='Page 13'!A6 -> 0 | B8: ='Page 13'!B6 -> 0 | C8: ='Page 13'!D6 -> 0 | D8: ='Page 13'!M6 -> 0 | E8: ='Page 13'!N6 -> 0 | F8: ='Page 11'!G6 -> 0 | G8: ='Page 11'!H6 -> 0 | H8: ='Page 13'!P6 -> BLSR976 | I8: ='Page 13'!Q6 -> 412+85.00 | J8: ='Page 13'!R6 -> 428+90.00 | K8: ='Page 13'!S6 -> RT
A43: Sub-Total: | D43: =SUM(D6:D42) -> 11.2 | E43: =SUM(E6:E42) -> 0
C45: Date:

Sheet _x0009_0107  2_x0009_MOWING
A1: Final Measure : 3 0107 2 MOWING | N1: Ir al Indice
N2: Ir a Pag 13
A3: Pay Item Number | B3: Pay Item Description | C3: Units of Measure | D3: Quantity | F3: Total Quantity | H3: Location
D4: P | E4: F | F4: P | G4: F | H4: Alignment | I4: Beging Sta. | J4: End Sta. | K4: Side | L4: Description: | M4: Estimate#:
A5: Column1 | B5: Column2 | C5: Column3 | D5: Column4 | E5: Column5 | F5: Column6 | G5: Column7 | H5: Column8 | I5: Column9 | J5: Column10 | K5: Column11 | L5: Column12 | M5: Column13
A6: ='Page 13'!A7 -> 0107 2 | B6: ='Page 13'!B7 -> Mowing | C6: ='Page 13'!D7 -> AC | D6: ='Page 13'!M7 -> 11.2 | E6: ='Page 13'!N7 -> 0 | H6: ='Page 13'!P7 -> BLSR976 | I6: ='Page 13'!Q7 -> 412+85.00 | J6: ='Page 13'!R7 -> 428+90.00 | K6: ='Page 13'!S7 -> RT
D7: ='Page 13'!M8 -> 0 | E7: ='Page 13'!N8 -> 0 | H7: ='Page 13'!P8 -> BLSR976 | I7: ='Page 13'!Q8 -> 412+85.00 | J7: ='Page 13'!R8 -> 428+90.00 | K7: ='Page 13'!S8 -> LT
D8: ='Page 13'!M9 -> 0 | E8: ='Page 13'!N9 -> 0 | H8: ='Page 13'!P9 -> BLSR976 | I8: ='Page 13'!Q9 -> 412+85.00 | J8: ='Page 13'!R9 -> 428+90.00 | K8: ='Page 13'!S9 -> RT
A43: Sub-Total: | D43: =SUM(Table4674[Column4]) -> 11.2 | E43: =SUM(Table4674[Column5]) -> 0
C45: Date:

Sheet 1_x0009_0110  1  1_x0009_CLEARING & GRUBBIN
A1: Final Measure : Inlet Protection System | N1: Ir al Indice
N2: Ir a Pag 14
A3: Pay Item Number | B3: Pay Item Description | C3: Units of Measure | D3: Quantity | F3: Total Quantity | H3: Location
D4: P | E4: F | F4: P | G4: F | H4: Alignment | I4: Beging Sta. | J4: End Sta. | K4: Side | L4: Description: | M4: Estimate#:
A5: Column1 | B5: Column2 | C5: Column3 | D5: Column4 | E5: Column5 | F5: Column6 | G5: Column7 | H5: Column8 | I5: Column9 | J5: Column10 | K5: Column11 | L5: Column12 | M5: Column13
A6: ='Page 14'!A4 -> 0110 1 1 | B6: ='Page 14'!B4 -> Clearing & Grubbing | C6: ='Page 14'!D4 -> LS | D6: ='Page 14'!G4 -> 1 | E6: ='Page 14'!H4 -> 0 | H6: ='Page 14'!N4 -> BLSR976 | I6: ='Page 14'!O4 -> 418+46.70 | J6: ='Page 14'!P4 -> 418+57.18 | K6: ='Page 14'!Q4 -> RT
D7: ='Page 14'!G5 -> 0 | E7: ='Page 14'!H5 -> 0 | H7: ='Page 14'!N5 -> BLSR976 | I7: ='Page 14'!O5 -> 422+30.27 | J7: ='Page 14'!P5 -> 422+34.41 | K7: ='Page 14'!Q5 -> RT
D8: ='Page 14'!G6 -> 0 | E8: ='Page 14'!H6 -> 0 | H8: ='Page 14'!N6 -> BLSR976 | I8: ='Page 14'!O6 -> 422+44.84 | J8: ='Page 14'!P6 -> 422+54.71 | K8: ='Page 14'!Q6 -> RT
D9: ='Page 14'!G7 -> 0 | E9: ='Page 14'!H7 -> 0 | H9: ='Page 14'!N7 -> BLSR976 | I9: ='Page 14'!O7 -> 422+55.75 | J9: ='Page 14'!P7 -> 422+70.61 | K9: ='Page 14'!Q7 -> RT
D10: ='Page 14'!G8 -> 0 | E10: ='Page 14'!H8 -> 0 | H10: ='Page 14'!N8 -> BLSR976 | I10: ='Page 14'!O8 -> 422+59.29 | J10: ='Page 14'!P8 -> 422+69.17 | K10: ='Page 14'!Q8 -> RT
A43: Sub-Total: | D43: =SUBTOTAL(109,D6:D42) -> 1 | E43: =SUBTOTAL(109,E6:E42) -> 0
C45: Date:

Sheet 1_x0009_0110  4 10_x0009_REMOVAL OF EXIST C
A1: Final Measure : 5 0110 4 10 REMOVAL OF EXIST C | N1: Ir al Indice
N2: Ir a Pag 14
A3: Pay Item Number | B3: Pay Item Description | C3: Units of Measure | D3: Quantity | F3: Total Quantity | H3: Location
D4: P | E4: F | F4: P | G4: F | H4: Alignment | I4: Beging Sta. | J4: End Sta. | K4: Side | L4: Description: | M4: Estimate#:
A5: Column1 | B5: Column2 | C5: Column3 | D5: Column4 | E5: Column5 | F5: Column6 | G5: Column7 | H5: Column8 | I5: Column9 | J5: Column10 | K5: Column11 | L5: Column12 | M5: Column13
A6: ='Page 14'!A9 -> 0110 4 10 | B6: ='Page 14'!B9 -> Removal Of Existing Concrete | C6: ='Page 14'!D9 -> SY | D6: ='Page 14'!G9 -> 20.6 | E6: ='Page 14'!H10 -> 0 | F6: ='Page 11'!G4 -> 35 | G6: ='Page 11'!H4 -> 0 | H6: ='Page 14'!N9 -> BLSR976 | I6: ='Page 14'!O9 -> 412+69.32 | J6: ='Page 14'!P9 -> 412+87.89 | K6: ='Page 14'!Q9 -> RT
D7: ='Page 14'!G10 -> 6.4 | E7: ='Page 14'!H11 -> 0 | F7: ='Page 11'!G5 -> 0 | G7: ='Page 11'!H5 -> 0 | H7: ='Page 14'!N10 -> BLSR976 | I7: ='Page 14'!O10 -> 412+73.98 | J7: ='Page 14'!P10 -> 412+89.88 | K7: ='Page 14'!Q10 -> RT
D8: ='Page 14'!G11 -> 5.3 | E8: ='Page 14'!H12 -> 0 | F8: ='Page 11'!G6 -> 0 | G8: ='Page 11'!H6 -> 0 | H8: ='Page 14'!N11 -> BLSR976 | I8: ='Page 14'!O11 -> 413+29.81 | J8: ='Page 14'!P11 -> 413+45.46 | K8: ='Page 14'!Q11 -> RT
D9: ='Page 14'!G12 -> 23.7 | E9: ='Page 14'!H13 -> 0 | F9: ='Page 11'!G7 -> 0 | G9: ='Page 11'!H7 -> 0 | H9: ='Page 14'!N12 -> BLSR976 | I9: ='Page 14'!O12 -> 413+31.83 | J9: ='Page 14'!P12 -> 413+56.26 | K9: ='Page 14'!Q12 -> RT
D10: ='Page 14'!G13 -> 3.9 | E10: ='Page 14'!H14 -> 0 | F10: ='Page 11'!G8 -> 0 | G10: ='Page 11'!H8 -> 0 | H10: ='Page 14'!N13 -> BLSR976 | I10: ='Page 14'!O13 -> 414+32.27 | J10: ='Page 14'!P13 -> 414+37.14 | K10: ='Page 14'!Q13 -> RT
D11: ='Page 14'!G14 -> 4.1 | E11: ='Page 14'!H15 -> 0 | F11: ='Page 11'!G9 -> 0 | G11: ='Page 11'!H9 -> 0 | H11: ='Page 14'!N14 -> BLSR976 | I11: ='Page 14'!O14 -> 415+70.10 | J11: ='Page 14'!P14 -> 415+86.33 | K11: ='Page 14'!Q14 -> RT
D12: ='Page 14'!G15 -> 9.1 | E12: ='Page 14'!H16 -> 0 | F12: ='Page 11'!G10 -> 0 | G12: ='Page 11'!H10 -> 0 | H12: ='Page 14'!N15 -> BLSR976 | I12: ='Page 14'!O15 -> 415+70.16 | J12: ='Page 14'!P15 -> 415+84.25 | K12: ='Page 14'!Q15 -> RT
D13: ='Page 14'!G16 -> 3.4 | E13: ='Page 14'!H17 -> 0 | F13: ='Page 11'!G11 -> 0 | G13: ='Page 11'!H11 -> 0 | H13: ='Page 14'!N16 -> BLSR976 | I13: ='Page 14'!O16 -> 416+27.09 | J13: ='Page 14'!P16 -> 416+32.06 | K13: ='Page 14'!Q16 -> LT
D14: ='Page 14'!G17 -> 4.4 | E14: ='Page 14'!H18 -> 0 | F14: ='Page 11'!G12 -> 0 | G14: ='Page 11'!H12 -> 0 | H14: ='Page 14'!N17 -> BLSR976 | I14: ='Page 14'!O17 -> 416+35.82 | J14: ='Page 14'!P17 -> 416+41.40 | K14: ='Page 14'!Q17 -> RT
D15: ='Page 14'!G18 -> 7.2 | E15: ='Page 14'!H19 -> 0 | F15: ='Page 11'!G13 -> 0 | G15: ='Page 11'!H13 -> 0 | H15: ='Page 14'!N18 -> BLSR976 | I15: ='Page 14'!O18 -> 416+57.06 | J15: ='Page 14'!P18 -> 416+79.59 | K15: ='Page 14'!Q18 -> LT
D16: ='Page 14'!G19 -> 29.6 | E16: ='Page 14'!H20 -> 0 | F16: ='Page 11'!G14 -> 0 | G16: ='Page 11'!H14 -> 0 | H16: ='Page 14'!N19 -> BLSR976 | I16: ='Page 14'!O19 -> 416+57.11 | J16: ='Page 14'!P19 -> 416+77.58 | K16: ='Page 14'!Q19 -> LT
D17: ='Page 14'!G20 -> 7.9 | E17: ='Page 14'!H21 -> 0 | F17: ='Page 11'!G15 -> 0 | G17: ='Page 11'!H15 -> 0 | H17: ='Page 14'!N20 -> BLSR976 | I17: ='Page 14'!O20 -> 417+03.55 | J17: ='Page 14'!P20 -> 417+29.19 | K17: ='Page 14'!Q20 -> LT
D18: ='Page 14'!G21 -> 20.5 | E18: ='Page 14'!H22 -> 0 | F18: ='Page 11'!G16 -> 0 | G18: ='Page 11'!H16 -> 0 | H18: ='Page 14'!N21 -> BLSR976 | I18: ='Page 14'!O21 -> 417+05.61 | J18: ='Page 14'!P21 -> 417+29.14 | K18: ='Page 14'!Q21 -> LT
... D27: ='Page 14'!G30 -> 1.7 | E27: ='Page 14'!H31 -> 0 | F27: ='Page 11'!G25 -> 0 | G27: ='Page 11'!H25 -> 0 | H27: ='Page 14'!N30 -> BLSR976 | I27: ='Page 14'!O30 -> 420+97.31 | J27: ='Page 14'!P30 -> 421+02.32 | K27: ='Page 14'!Q30 -> RT
D28: ='Page 15'!G4 -> 35 | E28: ='Page 15'!I4 -> 0 | F28: ='Page 15'!J4 -> 0 | G28: ='Page 15'!K4 -> 0 | H28: ='Page 15'!N4 -> BLSR976 | I28: ='Page 15'!O4 -> 421+20.36 | J28: ='Page 15'!P4 -> 421+44.70 | K28: ='Page 15'!Q4 -> LT
D29: ='Page 15'!G5 -> 3.8 | E29: ='Page 15'!H5 -> 0 | F29: ='Page 15'!I5 -> 0 | G29: ='Page 15'!J5 -> 0 | H29: ='Page 15'!N5 -> BLSR976 | I29: ='Page 15'!O5 -> 421+22.19 | J29: ='Page 15'!P5 -> 421+31.01 | K29: ='Page 15'!Q5 -> RT
D30: ='Page 15'!G6 -> 26.2 | E30: ='Page 15'!H6 -> 0 | H30: ='Page 15'!N6 -> BLSR976 | I30: ='Page 15'!O6 -> 421+25.29 | J30: ='Page 15'!P6 -> 421+54.68 | K30: ='Page 15'!Q6 -> RT
D31: ='Page 15'!G7 -> 7.1 | E31: ='Page 15'!H7 -> 0 | H31: ='Page 15'!N7 -> BLSR976 | I31: ='Page 15'!O7 -> 421+25.35 | J31: ='Page 15'!P7 -> 421+46.80 | K31: ='Page 15'!Q7 -> LT
D32: ='Page 15'!G8 -> 5.2 | E32: ='Page 15'!H8 -> 0 | H32: ='Page 15'!N8 -> BLSR976 | I32: ='Page 15'!O8 -> 421+36.21 | J32: ='Page 15'!P8 -> 421+42.00 | K32: ='Page 15'!Q8 -> LT
D33: ='Page 15'!G9 -> 5.1 | E33: ='Page 15'!H9 -> 0 | H33: ='Page 15'!N9 -> BLSR976 | I33: ='Page 15'!O9 -> 421+41.79 | J33: ='Page 15'!P9 -> 421+56.97 | K33: ='Page 15'!Q9 -> RT
D34: ='Page 15'!G10 -> 1.7 | E34: ='Page 15'!H10 -> 0 | H34: ='Page 15'!N10 -> BLSR976 | I34: ='Page 15'!O10 -> 421+90.04 | J34: ='Page 15'!P10 -> 421+93.38 | K34: ='Page 15'!Q10 -> LT
D35: ='Page 15'!G11 -> 2.5 | E35: ='Page 15'!H11 -> 0 | H35: ='Page 15'!N11 -> BLSR976 | I35: ='Page 15'!O11 -> 422+22.03 | J35: ='Page 15'!P11 -> 422+26.83 | K35: ='Page 15'!Q11 -> RT
D36: ='Page 15'!G12 -> 28.6 | E36: ='Page 15'!H12 -> 0 | H36: ='Page 15'!N12 -> BLSR976 | I36: ='Page 15'!O12 -> 422+22.07 | J36: ='Page 15'!P12 -> 422+45.21 | K36: ='Page 15'!Q12 -> RT
D37: ='Page 15'!G13 -> 8.3 | E37: ='Page 15'!H13 -> 0 | H37: ='Page 15'!N13 -> BLSR976 | I37: ='Page 15'!O13 -> 422+22.98 | J37: ='Page 15'!P13 -> 422+51.25 | K37: ='Page 15'!Q13 -> LT
D38: ='Page 15'!G14 -> 28.7 | E38: ='Page 15'!H14 -> 0 | H38: ='Page 15'!N14 -> BLSR976 | I38: ='Page 15'!O14 -> 422+24.54 | J38: ='Page 15'!P14 -> 422+51.27 | K38: ='Page 15'!Q14 -> LT
D39: ='Page 15'!G15 -> 2.7 | E39: ='Page 15'!H15 -> 0 | H39: ='Page 15'!N15 -> BLSR976 | I39: ='Page 15'!O15 -> 422+44.47 | J39: ='Page 15'!P15 -> 422+48.42 | K39: ='Page 15'!Q15 -> RT
D40: ='Page 15'!G16 -> 7.4 | E40: ='Page 15'!H16 -> 0 | H40: ='Page 15'!N16 -> BLSR976 | I40: ='Page 15'!O16 -> 422+45.14 | J40: ='Page 15'!P16 -> 422+57.25 | K40: ='Page 15'!Q16 -> RT
D41: ='Page 15'!G17 -> 6.5 | E41: ='Page 15'!H17 -> 0 | H41: ='Page 15'!N17 -> BLSR976 | I41: ='Page 15'!O17 -> 422+60.22 | J41: ='Page 15'!P17 -> 422+72.00 | K41: ='Page 15'!Q17 -> RT
... D51: ='Page 15'!G27 -> 6.8 | E51: ='Page 15'!H27 -> 0 | H51: ='Page 15'!N27 -> BLSR976 | I51: ='Page 15'!O27 -> 426+65.94 | J51: ='Page 15'!P27 -> 426+76.64 | K51: ='Page 15'!Q27 -> LT
D52: ='Page 16'!G4 -> 4.2 | E52: ='Page 16'!H4 -> 0 | H52: ='Page 16'!N4 -> BLSR976 | I52: ='Page 16'!O4 -> 426+65.95 | J52: ='Page 16'!P4 -> 426+78.88 | K52: ='Page 16'!Q4 -> LT
D53: ='Page 16'!G5 -> 3.5 | E53: ='Page 16'!H5 -> 0 | F53: ='Page 16'!I5 -> 0 | G53: ='Page 16'!J5 -> 0 | H53: ='Page 16'!N5 -> BLSR976 | I53: ='Page 16'!O5 -> 427+06.37 | J53: ='Page 16'!P5 -> 427+20.67 | K53: ='Page 16'!Q5 -> RT
D54: ='Page 16'!G6 -> 7.2 | E54: ='Page 16'!H6 -> 0 | H54: ='Page 16'!N6 -> BLSR976 | I54: ='Page 16'!O6 -> 427+07.41 | J54: ='Page 16'!P6 -> 427+22.34 | K54: ='Page 16'!Q6 -> RT
A55: Sub-Total: | D55: =SUM(D6:D54) -> 501.9 | E55: =SUM(E6:E54) -> 0
C57: Date:

Sheet _x0009_0110  1  2_x0009_CLEARING & GRUBBING
A1: Final Measure : 0110 1 2 CLEARING & GRUBBING | N1: Ir al Indice
N2: Ir a Pag 17
A3: Pay Item Number | B3: Pay Item Description | C3: Units of Measure | D3: Quantity | F3: Total Quantity | H3: Location
D4: P | E4: F | F4: P | G4: F | H4: Alignment | I4: Beging Sta. | J4: End Sta. | K4: Side | L4: Description: | M4: Estimate#:
A5: Column1 | B5: Column2 | C5: Column3 | D5: Column4 | E5: Column5 | F5: Column6 | G5: Column7 | H5: Column8 | I5: Column9 | J5: Column10 | K5: Column11 | L5: Column12 | M5: Column13
A6: ='Page 17'!A4 -> 0110 1 1 | B6: ='Page 17'!B4 -> Clearing & Grubbing | C6: ='Page 17'!D4 -> LS | D6: ='Page 17'!G4 -> 1 | E6: ='Page 17'!H4 -> 0 | F6: ='Page 17'!K4 -> AC | G6: ='Page 17'!L4 -> 0.001 | H6: ='Page 17'!N4 -> BLSR976 | I6: ='Page 17'!O4 -> 426+86.01 | J6: ='Page 17'!P4 -> 426+96.68 | K6: ='Page 17'!Q4 -> LT/RT
A43: Sub-Total: | D43: =SUBTOTAL(109,D6:D42) -> 1 | E43: =SUBTOTAL(109,E6:E42) -> 0
C45: Date:

Sheet _x0009_0110  4 10_x0009_REMOVAL OF EXIST C
A1: Final Measure : Inlet Protection System | N1: Ir al Indice
N2: Ir a Pag 17
A3: Pay Item Number | B3: Pay Item Description | C3: Units of Measure | D3: Quantity | F3: Total Quantity | H3: Location
D4: P | E4: F | F4: P | G4: F | H4: Alignment | I4: Beging Sta. | J4: End Sta. | K4: Side | L4: Description: | M4: Estimate#:
A5: Column1 | B5: Column2 | C5: Column3 | D5: Column4 | E5: Column5 | F5: Column6 | G5: Column7 | H5: Column8 | I5: Column9 | J5: Column10 | K5: Column11 | L5: Column12 | M5: Column13
A6: ='Page 17'!A5 -> 0110 4 10 | B6: ='Page 17'!B5 -> Removal Of Existing Concrete | C6: ='Page 17'!D5 -> SY | D6: ='Page 17'!G5 -> 3.2 | E6: ='Page 17'!H5 -> 0 | F6: ='Page 17'!K5 -> 0 | G6: ='Page 17'!L5 -> 0 | H6: ='Page 17'!N5 -> BLSR976 | I6: ='Page 17'!O5 -> 424+19.07 | J6: ='Page 17'!P5 -> 424+24.00 | K6: ='Page 17'!Q5 -> RT
D7: ='Page 17'!G6 -> 3.1 | E7: ='Page 17'!H6 -> 0 | F7: ='Page 17'!K6 -> 0 | G7: ='Page 17'!L6 -> 0 | H7: ='Page 17'!N6 -> BLSR976 | I7: ='Page 17'!O6 -> 424+49.76 | J7: ='Page 17'!P6 -> 424+54.69 | K7: ='Page 17'!Q6 -> LT
D8: ='Page 17'!G7 -> 3.3 | E8: ='Page 17'!H7 -> 0 | F8: ='Page 17'!K7 -> 0 | G8: ='Page 17'!L7 -> 0 | H8: ='Page 17'!N7 -> BLSR976 | I8: ='Page 17'!O7 -> 428+30.23 | J8: ='Page 17'!P7 -> 428+35.18 | K8: ='Page 17'!Q7 -> LT
A43: Sub-Total: | D43: =SUM(D6:D42) -> 9.6 | E43: =SUM(E6:E42) -> 0
C45: Date:

Sheet 0425 1451_x0009_INLETS, CURB, TYPE
A1: Final Measure : 0425 1451 INLETS, CURB, TYPE J-5, <10 | N1: Ir a Indice
N2: Ir a Pag 19
A3: Pay Item Number | B3: Pay Item Description | C3: Units of Measure | D3: Quantity | F3: Total Quantity | H3: Location
D4: P | E4: F | F4: P | G4: F | H4: Alignment | I4: Beging Sta. | J4: End Sta. | K4: Side | L4: Description: | M4: Estimate#:
A5: Column1 | B5: Column2 | C5: Column3 | D5: Column4 | E5: Column5 | F5: Column6 | G5: Column7 | H5: Column8 | I5: Column9 | J5: Column10 | K5: Column11 | L5: Column12 | M5: Column13
A6: ='Page 19'!A4 -> 0425 1451 | B6: ='Page 19'!D4 -> INLETS, CURB, TYPE J-5, <10 | C6: ='Page 19'!E4 -> EA | D6: ='Page 19'!F4 -> 1 | E6: ='Page 19'!G4 -> 0 | F6: ='Page 19'!H4 -> 1 | G6: ='Page 19'!I4 -> 0 | H6: ='Page 19'!J4 -> CL SR 976 | I6: ='Page 19'!K4 -> 418+30.33 | ... K6: ='Page 19'!M4 -> R
A43: Sub-Total: | D43: =SUBTOTAL(109,D6:D42) -> 1 | E43: =SUBTOTAL(109,E6:E42) -> 0
C45: Date:

Sheet 0425  5_x0009_MANHOLE, ADJUST 
A1: Final Measure : 14 0425 5 MANHOLE, ADJUST | N1: Ir a Indice
N2: Ir a Pag 20
A3: Pay Item Number | B3: Pay Item Description | C3: Units of Measure | D3: Quantity | F3: Total Quantity | H3: Location
D4: P | E4: F | F4: P | G4: F | H4: Alignment | I4: Beging Sta. | J4: End Sta. | K4: Side | L4: Description: | M4: Estimate#:
A5: Column1 | B5: Column2 | C5: Column3 | D5: Column4 | E5: Column5 | F5: Column6 | G5: Column7 | H5: Column8 | I5: Column9 | J5: Column10 | K5: Column11 | L5: Column12 | M5: Column13
A6: ='Page 20'!A4 -> 0425 5 | B6: ='Page 20'!B4 -> Manhole, Adjust | C6: ='Page 20'!D4 -> EA | D6: ='Page 20'!E4 -> 1 | E6: ='Page 20'!F4 -> 0 | F6: ='Page 20'!G4 -> 2 | G6: ='Page 20'!H4 -> 0 | H6: ='Page 20'!I4 -> BLSR976 | I6: ='Page 20'!J4 -> 420+47.70 | J6: ='Page 20'!K4 -> 420+47.70 | K6: ='Page 20'!L4 -> LT
D7: ='Page 20'!E5 -> 1 | E7: ='Page 20'!F5 -> 0 | F7: ='Page 20'!G5 -> 0 | G7: ='Page 20'!H5 -> 0 | H7: ='Page 20'!I5 -> BLSR976 | I7: ='Page 20'!J5 -> 426+63.63 | J7: ='Page 20'!K5 -> 426+63.63 | K7: ='Page 20'!L5 -> LT
A43: Sub-Total: | D43: =SUBTOTAL(109,D6:D42) -> 2 | E43: =SUBTOTAL(109,E6:E42) -> 0
C45: Date:

Sheet 18_x0009_0630 2 12_x0009_CONDUIT, F& I, DIR
A1: Final Measure : Inlet Protection System | N1: Ir a Indice
N2: Ir a Pag 31
A3: Pay Item Number | B3: Pay Item Description | C3: Units of Measure | D3: Quantity | F3: Total Quantity | H3: Location
D4: P | E4: F | F4: P | G4: F | H4: Alignment | I4: Beging Sta. | J4: End Sta. | K4: Side | L4: Description: | M4: Estimate#:
A5: Column1 | B5: Column2 | C5: Column3 | D5: Column4 | E5: Column5 | F5: Column6 | G5: Column7 | H5: Column8 | I5: Column9 | J5: Column10 | K5: Column11 | L5: Column12 | M5: Column13
A6: ='Page 31'!A4 -> 0630 2 12 | B6: ='Page 31'!B4 -> Conduit, Furnish & Install, Directional Bore | C6: ='Page 31'!D4 -> LF | D6: ='Page 31'!E4 -> 8.7 | E6: ='Page 31'!F4 -> 0 | F6: ='Page 31'!G4 -> 673 | G6: ='Page 31'!H4 -> 0 | H6: ='Page 31'!I4 -> BLSR976 | I6: ='Page 31'!J4 -> 421+23.03 | J6: ='Page 31'!K4 -> 421+29.64 | K6: ='Page 31'!L4 -> LT | M6: ='Page 31'!M4 -> 9426
D7: ='Page 31'!E5 -> 4.4 | E7: ='Page 31'!F5 -> 0 | F7: ='Page 31'!G5 -> 0 | G7: ='Page 31'!H5 -> 0 | H7: ='Page 31'!I5 -> BLSR976 | I7: ='Page 31'!J5 -> 421+23.06 | J7: ='Page 31'!K5 -> 421+27.38 | K7: ='Page 31'!L5 -> LT
D8: ='Page 31'!E6 -> 32.9 | E8: ='Page 31'!F6 -> 0 | F8: ='Page 31'!G6 -> 0 | G8: ='Page 31'!H6 -> 0 | H8: ='Page 31'!I6 -> BLSR976 | I8: ='Page 31'!J6 -> 421+23.06 | J8: ='Page 31'!K6 -> 421+40.82 | K8: ='Page 31'!L6 -> LT
D9: ='Page 31'!E7 -> 27.7 | E9: ='Page 31'!F7 -> 0 | F9: ='Page 31'!G7 -> 0 | G9: ='Page 31'!H7 -> 0 | H9: ='Page 31'!I7 -> BLSR976 | I9: ='Page 31'!J7 -> 421+28.85 | J9: ='Page 31'!K7 -> 421+50.41 | K9: ='Page 31'!L7 -> RT
D10: ='Page 31'!E8 -> 4.6 | E10: ='Page 31'!F8 -> 0 | F10: ='Page 31'!G8 -> 0 | G10: ='Page 31'!H8 -> 0 | H10: ='Page 31'!I8 -> BLSR976 | I10: ='Page 31'!J8 -> 421+29.38 | J10: ='Page 31'!K8 -> 421+31.55 | K10: ='Page 31'!L8 -> LT
D11: ='Page 31'!E9 -> 121.2 | E11: ='Page 31'!F9 -> 0 | F11: ='Page 31'!G9 -> 0 | G11: ='Page 31'!H9 -> 0 | H11: ='Page 31'!I9 -> BLSR976 | I11: ='Page 31'!J9 -> 421+29.71 | J11: ='Page 31'!K9 -> 422+49.09 | K11: ='Page 31'!L9 -> LT
D12: ='Page 31'!E10 -> 10.9 | E12: ='Page 31'!F10 -> 0 | F12: ='Page 31'!G10 -> 0 | G12: ='Page 31'!H10 -> 0 | H12: ='Page 31'!I10 -> BLSR976 | I12: ='Page 31'!J10 -> 421+29.90 | J12: ='Page 31'!K10 -> 421+40.63 | K12: ='Page 31'!L10 -> RT
D13: ='Page 31'!E11 -> 2.1 | E13: ='Page 31'!F11 -> 0 | F13: ='Page 31'!G11 -> 0 | G13: ='Page 31'!H11 -> 0 | H13: ='Page 31'!I11 -> BLSR976 | I13: ='Page 31'!J11 -> 421+37.25 | J13: ='Page 31'!K11 -> 421+38.32 | K13: ='Page 31'!L11 -> LT
D14: ='Page 31'!E12 -> 9.6 | E14: ='Page 31'!F12 -> 0 | F14: ='Page 31'!G12 -> 0 | G14: ='Page 31'!H12 -> 0 | H14: ='Page 31'!I12 -> BLSR976 | I14: ='Page 31'!J12 -> 421+45.70 | J14: ='Page 31'!K12 -> 421+53.08 | K14: ='Page 31'!L12 -> RT
D15: ='Page 31'!E13 -> 3.1 | E15: ='Page 31'!F13 -> 0 | F15: ='Page 31'!G13 -> 0 | G15: ='Page 31'!H13 -> 0 | H15: ='Page 31'!I13 -> BLSR976 | I15: ='Page 31'!J13 -> 421+46.74 | J15: ='Page 31'!K13 -> 421+49.44 | K15: ='Page 31'!L13 -> RT
D16: ='Page 31'!E14 -> 3 | E16: ='Page 31'!F14 -> 0 | F16: ='Page 31'!G14 -> 0 | G16: ='Page 31'!H14 -> 0 | H16: ='Page 31'!I14 -> BLSR976 | I16: ='Page 31'!J14 -> 421+47.70 | J16: ='Page 31'!K14 -> 421+49.40 | K16: ='Page 31'!L14 -> RT
D17: ='Page 31'!E15 -> 100.3 | E17: ='Page 31'!F15 -> 0 | F17: ='Page 31'!G15 -> 0 | G17: ='Page 31'!H15 -> 0 | H17: ='Page 31'!I15 -> BLSR976 | I17: ='Page 31'!J15 -> 421+52.96 | J17: ='Page 31'!K15 -> 422+47.99 | K17: ='Page 31'!L15 -> RT
D18: ='Page 31'!E16 -> 43.3 | E18: ='Page 31'!F16 -> 0 | F18: ='Page 31'!G16 -> 0 | G18: ='Page 31'!H16 -> 0 | H18: ='Page 31'!I16 -> BLSR976 | I18: ='Page 31'!J16 -> 422+25.70 | J18: ='Page 31'!K16 -> 422+49.04 | K18: ='Page 31'!L16 -> LT
... D36: ='Page 31'!E34 -> 21.1 | E36: ='Page 31'!F34 -> 0 | F36: ='Page 31'!G34 -> 0 | G36: ='Page 31'!H34 -> 0 | H36: ='Page 31'!I34 -> BLSR976 | I36: ='Page 31'!J34 -> 422+68.32 | J36: ='Page 31'!K34 -> 422+72.14 | K36: ='Page 31'!L34 -> RT
A43: Sub-Total: | D43: =SUBTOTAL(109,D6:D36) -> 673.1 | E43: =SUBTOTAL(109,E6:E36) -> 0
C45: Date:

Sheet 0632 7 1_x0009_SIGNAL CABLE- NEW O
A1: Final Measure :0632 7 1 SIGNAL CABLE- NEW OR RECO, FUR & INSTALL | N1: Ir a Indice
N2: Ir a Pag 32
A3: Pay Item Number | B3: Pay Item Description | C3: Units of Measure | D3: Quantity | F3: Total Quantity | H3: Location
D4: P | E4: F | F4: P | G4: F | H4: Alignment | I4: Beging Sta. | J4: End Sta. | K4: Side | L4: Description: | M4: Estimate#:
A5: Column1 | B5: Column2 | C5: Column3 | D5: Column4 | E5: Column5 | F5: Column6 | G5: Column7 | H5: Column8 | I5: Column9 | J5: Column10 | K5: Column11 | L5: Column12 | M5: Column13
A6: ='Page 32'!A4 -> 0632 7 1 | B6: ='Page 32'!B4 -> Signal Cable, New Or Reconstructed Intersection, Furnish & Install | C6: ='Page 32'!D4 -> PI | D6: ='Page 32'!E4 -> 1 | E6: ='Page 32'!F4 -> 0 | F6: ='Page 32'!G4 -> 1 | G6: ='Page 32'!H4 -> 0 | H6: ='Page 32'!I4 -> BLSR976 | I6: ='Page 32'!J4 -> 422+62.76 | J6: ='Page 32'!K4 -> 422+62.76 | K6: ='Page 32'!L4 -> RT
A43: Sub-Total: | D43: =SUBTOTAL(109,D6:D36) -> 1 | E43: =SUBTOTAL(109,E6:E36) -> 0
C45: Date:

Sheet 0632 7 6_x0009_SIGNAL CABLE, REMOVE- 
A1: Final Measure : 0632 7 6 SIGNAL CABLE, REMOVE- INTERSECTION | N1: Ir a Indice
N2: Ir a Pag 32
A3: Pay Item Number | B3: Pay Item Description | C3: Units of Measure | D3: Quantity | F3: Total Quantity | H3: Location
D4: P | E4: F | F4: P | G4: F | H4: Alignment | I4: Beging Sta. | J4: End Sta. | K4: Side | L4: Description: | M4: Estimate#:
A5: Column1 | B5: Column2 | C5: Column3 | D5: Column4 | E5: Column5 | F5: Column6 | G5: Column7 | H5: Column8 | I5: Column9 | J5: Column10 | K5: Column11 | L5: Column12 | M5: Column13
A6: ='Page 32'!A5 -> 0632 7 6 | B6: ='Page 32'!B5 -> Signal Cable, Remove - Intersection | C6: ='Page 32'!D5 -> PI | D6: ='Page 32'!E5 -> 1 | E6: ='Page 32'!F5 -> 0 | F6: ='Page 32'!G5 -> 1 | G6: ='Page 32'!H5 -> 0 | H6: ='Page 32'!I5 -> BLSR976 | I6: ='Page 32'!J5 -> 422+62.76 | J6: ='Page 32'!K5 -> 422+62.76 | K6: ='Page 32'!L5 -> RT
A43: Sub-Total: | D43: =SUBTOTAL(109,D6:D42) -> 1 | E43: =SUBTOTAL(109,E6:E42) -> 0
C45: Date:

Sheet 0639  1122_x0009_ELECTRICAL POWER 
A1: Final Measure : 0639 1122 ELECTRICAL POWER SERVICE, F&I, UNDERGROUND, METER PURCHASED BY CONTRACTOR | N1: Ir a Indice
N2: Ir a Pag 33
A3: Pay Item Number | B3: Pay Item Description | C3: Units of Measure | D3: Quantity | F3: Total Quantity | H3: Location
D4: P | E4: F | F4: P | G4: F | H4: Alignment | I4: Beging Sta. | J4: End Sta. | K4: Side | L4: Description: | M4: Estimate#:
A5: Column1 | B5: Column2 | C5: Column3 | D5: Column4 | E5: Column5 | F5: Column6 | G5: Column7 | H5: Column8 | I5: Column9 | J5: Column10 | K5: Column11 | L5: Column12 | M5: Column13
A6: ='Page 33'!A14 -> 0639 1122 | B6: ='Page 33'!B14 -> Electrical Power Service, F&I, Underground, Meter Furnished By Contractor | C6: ='Page 33'!D14 -> AS | D6: ='Page 33'!E14 -> 1 | E6: ='Page 33'!F14 -> 0 | F6: ='Page 33'!G14 -> 1 | G6: ='Page 33'!H14 -> 0 | H6: ='Page 33'!I14 -> BLSR976 | I6: ='Page 33'!J14 -> 422+61.44 | J6: ='Page 33'!K14 -> 422+61.44 | K6: ='Page 33'!L14 -> RT
A43: Sub-Total: | D43: =SUBTOTAL(109,D6:D40) -> 1 | E43: =SUBTOTAL(109,E6:E40) -> 0
C45: Date:

Sheet 0639 2 1_x0009_ELECTRICAL SERVICE 
A1: Final Measure : 0639 2 1 ELECTRICAL SERVICE WIRE, FURNISH & INSTALL | N1: Ir a Indice
N2: Ir a Pag 33
A3: Pay Item Number | B3: Pay Item Description | C3: Units of Measure | D3: Quantity | F3: Total Quantity | H3: Location
D4: P | E4: F | F4: P | G4: F | H4: Alignment | I4: Beging Sta. | J4: End Sta. | K4: Side | L4: Description: | M4: Estimate#:
A5: Column1 | B5: Column2 | C5: Column3 | D5: Column4 | E5: Column5 | F5: Column6 | G5: Column7 | H5: Column8 | I5: Column9 | J5: Column10 | K5: Column11 | L5: Column12 | M5: Column13
A6: ='Page 33'!A15 -> 0639 2 1 | B6: ='Page 33'!B15 -> Electrical Service Wire, Furnish & Install | C6: ='Page 33'!D15 -> LF | D6: ='Page 33'!E15 -> 118.3 | E6: ='Page 33'!F15 -> 0 | F6: ='Page 33'!G15 -> 118 | G6: ='Page 33'!H15 -> 0 | H6: ='Page 33'!I15 -> BLSR976 | I6: ='Page 33'!J15 -> 422+50.21 | J6: ='Page 33'!K15 -> 422+72.15 | K6: ='Page 33'!L15 -> LT/RT
A43: Sub-Total: | D43: =SUBTOTAL(109,D6:D40) -> 118.3 | E43: =SUBTOTAL(109,E6:E40) -> 0
C45: Date:

Sheet 0639 2 6_x0009_ELECTRICAL SERVICE 
A1: Final Measure : 0639 2 6 ELECTRICAL SERVICE WIRE, REMOVE | N1: Ir a Indice
N2: Ir a Pag 33
A3: Pay Item Number | B3: Pay Item Description | C3: Units of Measure | D3: Quantity | F3: Total Quantity | H3: Location
D4: P | E4: F | F4: P | G4: F | H4: Alignment | I4: Beging Sta. | J4: End Sta. | K4: Side | L4: Description: | M4: Estimate#:
A5: Column1 | B5: Column2 | C5: Column3 | D5: Column4 | E5: Column5 | F5: Column6 | G5: Column7 | H5: Column8 | I5: Column9 | J5: Column10 | K5: Column11 | L5: Column12 | M5: Column13
A6: ='Page 33'!A16 -> 0639 2 6 | B6: ='Page 33'!B16 -> Electrical Service Wire, Remove | C6: ='Page 33'!D16 -> LF | D6: ='Page 33'!E16 -> 90.1 | E6: ='Page 33'!F16 -> 0 | F6: ='Page 33'!G16 -> 90 | G6: ='Page 33'!H16 -> 0 | H6: ='Page 33'!I16 -> BLSR976 | I6: ='Page 33'!J16 -> 422+50.21 | J6: ='Page 33'!K16 -> 422+65.10 | K6: ='Page 33'!L16 -> LT/RT
A43: Sub-Total: | D43: =SUBTOTAL(109,D6:D40) -> 90.1 | E43: =SUBTOTAL(109,E6:E40) -> 0
C45: Date:

Sheet 0641  2 12_x0009_PREST CNC POLE,F&
A1: Final Measure : 0641 2 12 PRESTRESSED CONCRETE POLE, F&I, TYPE P-II SERVICE POLE | N1: Ir a Indice
N2: Ir a Pag 33
A3: Pay Item Number | B3: Pay Item Description | C3: Units of Measure | D3: Quantity | F3: Total Quantity | H3: Location
D4: P | E4: F | F4: P | G4: F | H4: Alignment | I4: Beging Sta. | J4: End Sta. | K4: Side | L4: Description: | M4: Estimate#:
A5: Column1 | B5: Column2 | C5: Column3 | D5: Column4 | E5: Column5 | F5: Column6 | G5: Column7 | H5: Column8 | I5: Column9 | J5: Column10 | K5: Column11 | L5: Column12 | M5: Column13
A6: ='Page 33'!A17 -> 0641 2 12 | B6: ='Page 33'!B17 -> Prestressed Concrete Pole, F&I, Type P-II Service Pole | C6: ='Page 33'!D17 -> EA | D6: ='Page 33'!E17 -> 1 | E6: ='Page 33'!F17 -> 0 | F6: ='Page 33'!G17 -> 1 | G6: ='Page 33'!H17 -> 0 | H6: ='Page 33'!I17 -> BLSR976 | I6: ='Page 33'!J17 -> 422+61.44 | J6: ='Page 33'!K17 -> 422+61.44 | K6: ='Page 33'!L17 -> RT
A43: Sub-Total: | D43: =SUBTOTAL(109,D6:D40) -> 1 | E43: =SUBTOTAL(109,E6:E40) -> 0
C45: Date:

Sheet 0641  2 60_x0009_PREST CNC POLE, R
A1: Final Measure : 0641 2 60 PRESTRESSED CONCRETE POLE, COMPLETE POLE REMOVAL- PEDESTAL/SERVICE POLE | N1: Ir a Indice
N2: Ir a Pag 33
A3: Pay Item Number | B3: Pay Item Description | C3: Units of Measure | D3: Quantity | F3: Total Quantity | H3: Location
D4: P | E4: F | F4: P | G4: F | H4: Alignment | I4: Beging Sta. | J4: End Sta. | K4: Side | L4: Description: | M4: Estimate#:
A5: Column1 | B5: Column2 | C5: Column3 | D5: Column4 | E5: Column5 | F5: Column6 | G5: Column7 | H5: Column8 | I5: Column9 | J5: Column10 | K5: Column11 | L5: Column12 | M5: Column13
A6: ='Page 33'!A18 -> 0641 2 60 | B6: ='Page 33'!B18 -> Prestressed Concrete Pole, Complete Pole Removal - Pedestal/Service Pole | C6: ='Page 33'!D18 -> EA | D6: ='Page 33'!E18 -> 1 | E6: ='Page 33'!F18 -> 0 | F6: ='Page 33'!G18 -> 1 | G6: ='Page 33'!H18 -> 0 | H6: ='Page 33'!I18 -> BLSR976 | I6: ='Page 33'!J18 -> 422+64.60 | J6: ='Page 33'!K18 -> 422+64.60 | K6: ='Page 33'!L18 -> RT
A43: Sub-Total: | D43: =SUBTOTAL(109,D6:D40) -> 1 | E43: =SUBTOTAL(109,E6:E40) -> 0
C45: Date:

Sheet 0641 2 60_x0009_PREST CNC POLE, RE
A1: Final Measure : 0641 2 60 PRESTRESSED CONCRETE POLE, COMPLETE POLE REMOVAL- PEDESTAL/SERVICE POLE | N1: Ir a Indice
N2: Ir a Pag 33
A3: Pay Item Number | B3: Pay Item Description | C3: Units of Measure | D3: Quantity | F3: Total Quantity | H3: Location
D4: P | E4: F | F4: P | G4: F | H4: Alignment | I4: Beging Sta. | J4: End Sta. | K4: Side | L4: Description: | M4: Estimate#:
A5: Column1 | B5: Column2 | C5: Column3 | D5: Column4 | E5: Column5 | F5: Column6 | G5: Column7 | H5: Column8 | I5: Column9 | J5: Column10 | K5: Column11 | L5: Column12 | M5: Column13
A6: ='Page 33'!A18 -> 0641 2 60 | B6: ='Page 33'!B18 -> Prestressed Concrete Pole, Complete Pole Removal - Pedestal/Service Pole | C6: ='Page 33'!D18 -> EA | D6: ='Page 33'!E18 -> 1 | E6: ='Page 33'!F18 -> 0 | F6: ='Page 33'!G18 -> 1 | G6: ='Page 33'!H18 -> 0 | H6: ='Page 33'!I18 -> BLSR976 | I6: ='Page 33'!J18 -> 422+64.60 | J6: ='Page 33'!K18 -> 422+64.60 | K6: ='Page 33'!L18 -> RT
A43: Sub-Total: | D43: =SUBTOTAL(109,D6:D42) -> 1 | E43: =SUBTOTAL(109,E6:E42) -> 0
C45: Date:

Sheet 0646  1 11_x0009_ALUMINUM SIGNALS 
A1: Final Measure : 0646 1 11 ALUMINUM SIGNALS POLE, PEDESTAL | N1: Ir a Indice
N2: Ir a Pag 33
A3: Pay Item Number | B3: Pay Item Description | C3: Units of Measure | D3: Quantity | F3: Total Quantity | H3: Location
D4: P | E4: F | F4: P | G4: F | H4: Alignment | I4: Beging Sta. | J4: End Sta. | K4: Side | L4: Description: | M4: Estimate#:
A5: Column1 | B5: Column2 | C5: Column3 | D5: Column4 | E5: Column5 | F5: Column6 | G5: Column7 | H5: Column8 | I5: Column9 | J5: Column10 | K5: Column11 | L5: Column12 | M5: Column13
A6: ='Page 33'!A19 -> 0646 1 11 | B6: ='Page 33'!B19 -> Aluminum Signals Pole, Furnish & Install, Pedestal | C6: ='Page 33'!D19 -> EA | D6: ='Page 33'!E19 -> 1 | E6: ='Page 33'!F19 -> 0 | F6: ='Page 33'!G19 -> 8 | G6: ='Page 33'!H19 -> 0 | H6: ='Page 33'!I19 -> BLSR976 | I6: ='Page 33'!J19 -> 421+27.31 | J6: ='Page 33'!K19 -> 421+27.31 | K6: ='Page 33'!L19 -> LT
D7: ='Page 33'!E20 -> 1 | E7: ='Page 33'!F20 -> 0 | F7: ='Page 33'!G20 -> 0 | G7: ='Page 33'!H20 -> 0 | H7: ='Page 33'!I20 -> BLSR976 | I7: ='Page 33'!J20 -> 421+38.34 | J7: ='Page 33'!K20 -> 421+38.34 | K7: ='Page 33'!L20 -> LT
D8: ='Page 33'!E21 -> 1 | E8: ='Page 33'!F21 -> 0 | F8: ='Page 33'!G21 -> 0 | G8: ='Page 33'!H21 -> 0 | H8: ='Page 33'!I21 -> BLSR976 | I8: ='Page 33'!J21 -> 421+40.71 | J8: ='Page 33'!K21 -> 421+40.71 | K8: ='Page 33'!L21 -> RT
D9: ='Page 33'!E22 -> 1 | E9: ='Page 33'!F22 -> 0 | F9: ='Page 33'!G22 -> 0 | G9: ='Page 33'!H22 -> 0 | H9: ='Page 33'!I22 -> BLSR976 | I9: ='Page 33'!J22 -> 421+47.65 | J9: ='Page 33'!K22 -> 421+47.65 | K9: ='Page 33'!L22 -> RT
D10: ='Page 33'!E23 -> 1 | E10: ='Page 33'!F23 -> 0 | F10: ='Page 33'!G23 -> 0 | G10: ='Page 33'!H23 -> 0 | H10: ='Page 33'!I23 -> BLSR976 | I10: ='Page 33'!J23 -> 422+31.04 | J10: ='Page 33'!K23 -> 422+31.04 | K10: ='Page 33'!L23 -> RT
D11: ='Page 33'!E24 -> 1 | E11: ='Page 33'!F24 -> 0 | F11: ='Page 33'!G24 -> 0 | G11: ='Page 33'!H24 -> 0 | H11: ='Page 33'!I24 -> BLSR976 | I11: ='Page 33'!J24 -> 422+32.86 | J11: ='Page 33'!K24 -> 422+32.86 | K11: ='Page 33'!L24 -> RT
D12: ='Page 33'!E25 -> 1 | E12: ='Page 33'!F25 -> 0 | F12: ='Page 33'!G25 -> 0 | G12: ='Page 33'!H25 -> 0 | H12: ='Page 33'!I25 -> BLSR976 | I12: ='Page 33'!J25 -> 422+34.64 | J12: ='Page 33'!K25 -> 422+34.64 | K12: ='Page 33'!L25 -> LT
D13: ='Page 33'!E26 -> 1 | E13: ='Page 33'!F26 -> 0 | F13: ='Page 33'!G26 -> 0 | G13: ='Page 33'!H26 -> 0 | H13: ='Page 33'!I26 -> BLSR976 | I13: ='Page 33'!J26 -> 422+40.57 | J13: ='Page 33'!K26 -> 422+40.57 | K13: ='Page 33'!L26 -> LT
A43: Sub-Total: | D43: =SUBTOTAL(109,D6:D42) -> 8 | E43: =SUBTOTAL(109,E6:E42) -> 0
C45: Date:

Sheet 0646  1 60_x0009_ALUMINUM SIGNALS 
A1: Final Measure : 0646 1 60 ALUMINUM SIGNALS POLE, REMOVE | N1: Ir a Indice
N2: Ir a Pag 33
A3: Pay Item Number | B3: Pay Item Description | C3: Units of Measure | D3: Quantity | F3: Total Quantity | H3: Location
D4: P | E4: F | F4: P | G4: F | H4: Alignment | I4: Beging Sta. | J4: End Sta. | K4: Side | L4: Description: | M4: Estimate#:
A5: Column1 | B5: Column2 | C5: Column3 | D5: Column4 | E5: Column5 | F5: Column6 | G5: Column7 | H5: Column8 | I5: Column9 | J5: Column10 | K5: Column11 | L5: Column12 | M5: Column13
A6: ='Page 33'!A27 -> 0646 1 60 | B6: ='Page 33'!B27 -> Aluminum Signals Pole, Remove | C6: ='Page 33'!D27 -> EA | D6: ='Page 33'!E27 -> 1 | E6: ='Page 33'!F27 -> 0 | F6: ='Page 33'!G27 -> 4 | G6: ='Page 33'!H27 -> 0 | H6: ='Page 33'!I27 -> BLSR976 | I6: ='Page 33'!J27 -> 421+32.37 | J6: ='Page 33'!K27 -> 421+32.37 | K6: ='Page 33'!L27 -> RT
C7: ='Page 33'!D28 -> 0 | D7: ='Page 33'!E28 -> 1 | E7: ='Page 33'!F28 -> 0 | F7: ='Page 33'!G28 -> 0 | G7: ='Page 33'!H28 -> 0 | H7: ='Page 33'!I28 -> BLSR976 | I7: ='Page 33'!J28 -> 421+37.66 | J7: ='Page 33'!K28 -> 421+37.66 | K7: ='Page 33'!L28 -> LT
C8: ='Page 33'!D29 -> 0 | D8: ='Page 33'!E29 -> 1 | E8: ='Page 33'!F29 -> 0 | F8: ='Page 33'!G29 -> 0 | G8: ='Page 33'!H29 -> 0 | H8: ='Page 33'!I29 -> BLSR976 | I8: ='Page 33'!J29 -> 422+29.40 | J8: ='Page 33'!K29 -> 422+29.40 | K8: ='Page 33'!L29 -> RT
C9: ='Page 33'!D30 -> 0 | D9: ='Page 33'!E30 -> 1 | E9: ='Page 33'!F30 -> 0 | F9: ='Page 33'!G30 -> 0 | G9: ='Page 33'!H30 -> 0 | H9: ='Page 33'!I30 -> BLSR976 | I9: ='Page 33'!J30 -> 422+39.74 | J9: ='Page 33'!K30 -> 422+39.74 | K9: ='Page 33'!L30 -> LT
A34: Sub-Total: | D34: =SUBTOTAL(109,D6:D31) -> 4 | E34: =SUBTOTAL(109,E6:E31) -> 0
C36: Date:

Sheet 0653  1 11_x0009_PEDESTRIAN SIGNAL
A1: Final Measure : 0653 1 11 PEDESTRIAN SIGNAL, FURNISH & INSTALL LED COUNTDOWN, 1 WAY | N1: Ir a Indice
N2: Ir a Pag 33
A3: Pay Item Number | B3: Pay Item Description | C3: Units of Measure | D3: Quantity | F3: Total Quantity | H3: Location
D4: P | E4: F | F4: P | G4: F | H4: Alignment | I4: Beging Sta. | J4: End Sta. | K4: Side | L4: Description: | M4: Estimate#:
A5: Column1 | B5: Column2 | C5: Column3 | D5: Column4 | E5: Column5 | F5: Column6 | G5: Column7 | H5: Column8 | I5: Column9 | J5: Column10 | K5: Column11 | L5: Column12 | M5: Column13
A6: ='Page 33'!A31 -> 0653 1 11 | B6: ='Page 33'!B31 -> Pedestrian Signal, Furnish & Install Led Countdown, 1 Way | C6: ='Page 33'!D31 -> AS | D6: ='Page 33'!E31 -> 1 | E6: ='Page 33'!F31 -> 0 | F6: ='Page 33'!G31 -> 8 | G6: ='Page 33'!H31 -> 0 | H6: ='Page 33'!I31 -> BLSR976 | I6: ='Page 33'!J31 -> 421+27.31 | J6: ='Page 33'!K31 -> 421+27.31 | K6: ='Page 33'!L31 -> LT
C7: ='Page 33'!D32 -> 0 | D7: ='Page 33'!E32 -> 1 | E7: ='Page 33'!F32 -> 0 | F7: ='Page 33'!G32 -> 0 | G7: ='Page 33'!H32 -> 0 | H7: ='Page 33'!I32 -> BLSR976 | I7: ='Page 33'!J32 -> 421+38.32 | J7: ='Page 33'!K32 -> 421+38.32 | K7: ='Page 33'!L32 -> LT
C8: ='Page 33'!D33 -> 0 | D8: ='Page 33'!E33 -> 1 | E8: ='Page 33'!F33 -> 0 | F8: ='Page 33'!G33 -> 0 | G8: ='Page 33'!H33 -> 0 | H8: ='Page 33'!I33 -> BLSR976 | I8: ='Page 33'!J33 -> 421+40.71 | J8: ='Page 33'!K33 -> 421+40.71 | K8: ='Page 33'!L33 -> RT
C9: ='Page 34'!D4 -> 0 | D9: ='Page 34'!E4 -> 1 | E9: ='Page 34'!F4 -> 0 | F9: ='Page 34'!G4 -> 0 | G9: ='Page 34'!H4 -> 0 | H9: ='Page 34'!I4 -> BLSR976 | I9: ='Page 34'!J4 -> 421+47.65 | J9: ='Page 34'!K4 -> 421+47.65 | K9: ='Page 34'!L4 -> RT
C10: ='Page 34'!D5 -> 0 | D10: ='Page 34'!E5 -> 1 | E10: ='Page 34'!F5 -> 0 | F10: ='Page 34'!G5 -> 0 | G10: ='Page 34'!H5 -> 0 | H10: ='Page 34'!I5 -> BLSR976 | I10: ='Page 34'!J5 -> 422+31.04 | J10: ='Page 34'!K5 -> 422+31.04 | K10: ='Page 34'!L5 -> RT
C11: ='Page 34'!D6 -> 0 | D11: ='Page 34'!E6 -> 1 | E11: ='Page 34'!F6 -> 0 | F11: ='Page 34'!G6 -> 0 | G11: ='Page 34'!H6 -> 0 | H11: ='Page 34'!I6 -> BLSR976 | I11: ='Page 34'!J6 -> 422+32.86 | J11: ='Page 34'!K6 -> 422+32.86 | K11: ='Page 34'!L6 -> RT
C12: ='Page 34'!D7 -> 0 | D12: ='Page 34'!E7 -> 1 | E12: ='Page 34'!F7 -> 0 | F12: ='Page 34'!G7 -> 0 | G12: ='Page 34'!H7 -> 0 | H12: ='Page 34'!I7 -> BLSR976 | I12: ='Page 34'!J7 -> 422+34.64 | J12: ='Page 34'!K7 -> 422+34.64 | K12: ='Page 34'!L7 -> LT
C13: ='Page 34'!D8 -> 0 | D13: ='Page 34'!E8 -> 1 | E13: ='Page 34'!F8 -> 0 | F13: ='Page 34'!G8 -> 0 | G13: ='Page 34'!H8 -> 0 | H13: ='Page 34'!I8 -> BLSR976 | I13: ='Page 34'!J8 -> 422+40.57 | J13: ='Page 34'!K8 -> 422+40.57 | K13: ='Page 34'!L8 -> LT
A34: Sub-Total: | D34: =SUBTOTAL(109,D6:D31) -> 8 | E34: =SUBTOTAL(109,E6:E31) -> 0
C36: Date:

Sheet 0653  1 60_x0009_PEDESTRIAN SIGNAL
A1: Final Measure : 0653 1 60 PEDESTRIAN SIGNAL | N1: Ir a Indice
N2: Ir a Pag 34
A3: Pay Item Number | B3: Pay Item Description | C3: Units of Measure | D3: Quantity | F3: Total Quantity | H3: Location
D4: P | E4: F | F4: P | G4: F | H4: Alignment | I4: Beging Sta. | J4: End Sta. | K4: Side | L4: Description: | M4: Estimate#:
A5: Column1 | B5: Column2 | C5: Column3 | D5: Column4 | E5: Column5 | F5: Column6 | G5: Column7 | H5: Column8 | I5: Column9 | J5: Column10 | K5: Column11 | L5: Column12 | M5: Column13
A6: ='Page 34'!A9 -> 0653 1 60 | B6: ='Page 34'!B9 -> Pedestrian Signal, Remove Ped Signal- Pole/Pedestal To Remain | C6: ='Page 34'!D9 -> AS | D6: ='Page 34'!E9 -> 1 | E6: ='Page 34'!F9 -> 0 | F6: ='Page 34'!G9 -> 4 | G6: ='Page 34'!H9 -> 0 | H6: ='Page 34'!I9 -> BLSR976 | I6: ='Page 34'!J9 -> 421+30.58 | J6: ='Page 34'!K9 -> 421+30.58 | K6: ='Page 34'!L9 -> LT
D7: ='Page 34'!E10 -> 1 | E7: ='Page 34'!F10 -> 0 | F7: ='Page 34'!G10 -> 0 | G7: ='Page 34'!H10 -> 0 | H7: ='Page 34'!I10 -> BLSR976 | I7: ='Page 34'!J10 -> 421+47.89 | J7: ='Page 34'!K10 -> 421+47.89 | K7: ='Page 34'!L10 -> RT
D8: ='Page 34'!E11 -> 1 | E8: ='Page 34'!F11 -> 0 | F8: ='Page 34'!G11 -> 0 | G8: ='Page 34'!H11 -> 0 | H8: ='Page 34'!I11 -> BLSR976 | I8: ='Page 34'!J11 -> 422+32.73 | J8: ='Page 34'!K11 -> 422+32.73 | K8: ='Page 34'!L11 -> LT
D9: ='Page 34'!E12 -> 1 | E9: ='Page 34'!F12 -> 0 | F9: ='Page 34'!G12 -> 0 | G9: ='Page 34'!H12 -> 0 | H9: ='Page 34'!I12 -> BLSR976 | I9: ='Page 34'!J12 -> 422+41.68 | J9: ='Page 34'!K12 -> 422+41.68 | K9: ='Page 34'!L12 -> RT
A43: Sub-Total: | D43: =SUBTOTAL(109,D6:D42) -> 4 | E43: =SUBTOTAL(109,E6:E42) -> 0
C45: Date:

Sheet 0660 4 11_x0009_VEHICLE DETECTION 
A1: Final Measure : 0660 4 11 Vehicle Detection System - Video, Furnish & Install, Cabinet Equipment | N1: Ir a Indice
N2: Ir a Pag 34
A3: Pay Item Number | B3: Pay Item Description | C3: Units of Measure | D3: Quantity | F3: Total Quantity | H3: Location
D4: P | E4: F | F4: P | G4: F | H4: Alignment | I4: Beging Sta. | J4: End Sta. | K4: Side | L4: Description: | M4: Estimate#:
A5: Column1 | B5: Column2 | C5: Column3 | D5: Column4 | E5: Column5 | F5: Column6 | G5: Column7 | H5: Column8 | I5: Column9 | J5: Column10 | K5: Column11 | L5: Column12 | M5: Column13
A6: ='Page 34'!A13 -> 0660 4 11 | B6: ='Page 34'!B13 -> Vehicle Detection System - Video, Furnish & Install, Cabinet Equipment | C6: ='Page 34'!D13 -> EA | D6: ='Page 34'!E13 -> 4 | E6: ='Page 34'!F13 -> 0 | F6: ='Page 34'!G13 -> 4 | G6: ='Page 34'!H13 -> 0 | H6: ='Page 34'!I13 -> BLSR976 | I6: ='Page 34'!J13 -> 422+62.76 | J6: ='Page 34'!K13 -> 422+62.76 | K6: ='Page 34'!L13 -> RT
A43: Sub-Total: | D43: =SUBTOTAL(109,D6:D42) -> 4 | E43: =SUBTOTAL(109,E6:E42) -> 0
C45: Date:

Sheet 0660 4 12_x0009_VEHICLE DETECTION SYS
A1: Final Measure :0660 4 12Vehicle Detection System - Video, Furnish & Install, Above | N1: Ir a Indice
N2: Ir a Pag 34
A3: Pay Item Number | B3: Pay Item Description | C3: Units of Measure | D3: Quantity | F3: Total Quantity | H3: Location
D4: P | E4: F | F4: P | G4: F | H4: Alignment | I4: Beging Sta. | J4: End Sta. | K4: Side | L4: Description: | M4: Estimate#:
A5: Column1 | B5: Column2 | C5: Column3 | D5: Column4 | E5: Column5 | F5: Column6 | G5: Column7 | H5: Column8 | I5: Column9 | J5: Column10 | K5: Column11 | L5: Column12 | M5: Column13
A6: ='Page 34'!A14 -> 0660 4 12 | B6: ='Page 34'!B14 -> Vehicle Detection System - Video, Furnish & Install, Above Ground Equipment | C6: ='Page 34'!D14 -> EA | D6: ='Page 34'!E14 -> 1 | E6: ='Page 34'!F14 -> 0 | F6: ='Page 34'!G14 -> 4 | G6: ='Page 34'!H14 -> 0 | H6: ='Page 34'!I14 -> BLSR976 | I6: ='Page 34'!J14 -> 421+32.63 | J6: ='Page 34'!K14 -> 421+32.63 | K6: ='Page 34'!L14 -> LT
D7: ='Page 34'!E15 -> 1 | E7: ='Page 34'!F15 -> 0 | F7: ='Page 34'!G15 -> 0 | G7: ='Page 34'!H15 -> 0 | H7: ='Page 34'!I15 -> BLSR976 | I7: ='Page 34'!J15 -> 421+88.58 | J7: ='Page 34'!K15 -> 421+88.58 | K7: ='Page 34'!L15 -> RT
D8: ='Page 34'!E16 -> 1 | E8: ='Page 34'!F16 -> 0 | F8: ='Page 34'!G16 -> 0 | G8: ='Page 34'!H16 -> 0 | H8: ='Page 34'!I16 -> BLSR976 | I8: ='Page 34'!J16 -> 421+99.00 | J8: ='Page 34'!K16 -> 421+99.00 | K8: ='Page 34'!L16 -> LT
D9: ='Page 34'!E17 -> 1 | E9: ='Page 34'!F17 -> 0 | F9: ='Page 34'!G17 -> 0 | G9: ='Page 34'!H17 -> 0 | H9: ='Page 34'!I17 -> BLSR976 | I9: ='Page 34'!J17 -> 422+42.41 | J9: ='Page 34'!K17 -> 422+42.41 | K9: ='Page 34'!L17 -> RT
A43: Sub-Total: | D43: =SUBTOTAL(109,D6:D42) -> 4 | E43: =SUBTOTAL(109,E6:E42) -> 0
C45: Date:

Sheet 0665 1 12_x0009_PEDESTRIAN DETECTOR, 
A1: Final Measure : 0665 1 12 PEDESTRIAN DETECTOR, FURNISH & INSTALL, ACCESSIBLE | N1: Ir a Indice
N2: Ir a Pag 34
A3: Pay Item Number | B3: Pay Item Description | C3: Units of Measure | D3: Quantity | F3: Total Quantity | H3: Location
D4: P | E4: F | F4: P | G4: F | H4: Alignment | I4: Beging Sta. | J4: End Sta. | K4: Side | L4: Description: | M4: Estimate#:
A5: Column1 | B5: Column2 | C5: Column3 | D5: Column4 | E5: Column5 | F5: Column6 | G5: Column7 | H5: Column8 | I5: Column9 | J5: Column10 | K5: Column11 | L5: Column12 | M5: Column13
A6: ='Page 34'!A18 -> 0665 1 12 | B6: ='Page 34'!B18 -> Pedestrian Detector, Furnish & Install, Accessible | C6: ='Page 34'!D18 -> EA | D6: ='Page 34'!E18 -> 1 | E6: ='Page 34'!F18 -> 0 | F6: ='Page 34'!G18 -> 8 | G6: ='Page 34'!H18 -> 0 | H6: ='Page 34'!I18 -> BLSR976 | I6: ='Page 34'!J18 -> 421+27.31 | J6: ='Page 34'!K18 -> 421+27.31 | K6: ='Page 34'!L18 -> LT
D7: ='Page 34'!E19 -> 1 | E7: ='Page 34'!F19 -> 0 | F7: ='Page 34'!G19 -> 0 | G7: ='Page 34'!H19 -> 0 | H7: ='Page 34'!I19 -> BLSR976 | I7: ='Page 34'!J19 -> 421+38.34 | J7: ='Page 34'!K19 -> 421+38.34 | K7: ='Page 34'!L19 -> LT
D8: ='Page 34'!E20 -> 1 | E8: ='Page 34'!F20 -> 0 | F8: ='Page 34'!G20 -> 0 | G8: ='Page 34'!H20 -> 0 | H8: ='Page 34'!I20 -> BLSR976 | I8: ='Page 34'!J20 -> 421+40.71 | J8: ='Page 34'!K20 -> 421+40.71 | K8: ='Page 34'!L20 -> RT
D9: ='Page 34'!E21 -> 1 | E9: ='Page 34'!F21 -> 0 | F9: ='Page 34'!G21 -> 0 | G9: ='Page 34'!H21 -> 0 | H9: ='Page 34'!I21 -> BLSR976 | I9: ='Page 34'!J21 -> 421+47.65 | J9: ='Page 34'!K21 -> 421+47.65 | K9: ='Page 34'!L21 -> RT
D10: ='Page 34'!E22 -> 1 | E10: ='Page 34'!F22 -> 0 | F10: ='Page 34'!G22 -> 0 | G10: ='Page 34'!H22 -> 0 | H10: ='Page 34'!I22 -> BLSR976 | I10: ='Page 34'!J22 -> 422+31.04 | J10: ='Page 34'!K22 -> 422+31.04 | K10: ='Page 34'!L22 -> RT
D11: ='Page 34'!E23 -> 1 | E11: ='Page 34'!F23 -> 0 | F11: ='Page 34'!G23 -> 0 | G11: ='Page 34'!H23 -> 0 | H11: ='Page 34'!I23 -> BLSR976 | I11: ='Page 34'!J23 -> 422+32.86 | J11: ='Page 34'!K23 -> 422+32.86 | K11: ='Page 34'!L23 -> RT
D12: ='Page 34'!E24 -> 1 | E12: ='Page 34'!F24 -> 0 | F12: ='Page 34'!G24 -> 0 | G12: ='Page 34'!H24 -> 0 | H12: ='Page 34'!I24 -> BLSR976 | I12: ='Page 34'!J24 -> 422+34.64 | J12: ='Page 34'!K24 -> 422+34.64 | K12: ='Page 34'!L24 -> LT
D13: ='Page 34'!E25 -> 1 | E13: ='Page 34'!F25 -> 0 | F13: ='Page 34'!G25 -> 0 | G13: ='Page 34'!H25 -> 0 | H13: ='Page 34'!I25 -> BLSR976 | I13: ='Page 34'!J25 -> 422+40.57 | J13: ='Page 34'!K25 -> 422+40.57 | K13: ='Page 34'!L25 -> LT
A43: Sub-Total: | D43: =SUBTOTAL(109,D6:D39) -> 8 | E43: =SUBTOTAL(109,E6:E39) -> 0
C45: Date:

Sheet 0665 1 60_x0009_PEDESTRIAN DETECTO
A1: Final Measure : 0665 1 60 PEDESTRIAN DETECTOR, REMOVE- POLE/PEDESTAL TO REMAIN | N1: Ir a Indice
N2: Ir a Pag 34
A3: Pay Item Number | B3: Pay Item Description | C3: Units of Measure | D3: Quantity | F3: Total Quantity | H3: Location
D4: P | E4: F | F4: P | G4: F | H4: Alignment | I4: Beging Sta. | J4: End Sta. | K4: Side | L4: Description: | M4: Estimate#:
A5: Column1 | B5: Column2 | C5: Column3 | D5: Column4 | E5: Column5 | F5: Column6 | G5: Column7 | H5: Column8 | I5: Column9 | J5: Column10 | K5: Column11 | L5: Column12 | M5: Column13
A6: ='Page 34'!A26 -> 0665 1 60 | B6: ='Page 34'!B26 -> Pedestrian Detector, Remove - Pole/Pedestal To Remain | C6: ='Page 34'!D26 -> EA | D6: ='Page 34'!E26 -> 1 | E6: ='Page 34'!F26 -> 0 | F6: ='Page 34'!G26 -> 2 | G6: ='Page 34'!H26 -> 0 | H6: ='Page 34'!I26 -> BLSR976 | I6: ='Page 34'!J26 -> 421+30.58 | J6: ='Page 34'!K26 -> 421+30.58 | K6: ='Page 34'!L26 -> LT
C7: ='Page 34'!D27 -> 0 | D7: ='Page 34'!E27 -> 1 | E7: ='Page 34'!F27 -> 0 | F7: ='Page 34'!G27 -> 0 | G7: ='Page 34'!H27 -> 0 | H7: ='Page 34'!I27 -> BLSR976 | I7: ='Page 34'!J27 -> 422+41.68 | J7: ='Page 34'!K27 -> 422+41.68 | K7: ='Page 34'!L27 -> RT
A43: Sub-Total: | D43: =SUBTOTAL(109,D6:D39) -> 2 | E43: =SUBTOTAL(109,E6:E39) -> 0
C45: Date:

Sheet 0670 5140_x0009_TRAF CNTL ASSEM, F&I,
A1: Final Measure : 0670 5140 TRAF CNTL ASSEM, F&I, MODEL 2070 | N1: Ir a Indice
N2: Ir a Pag 34
A3: Pay Item Number | B3: Pay Item Description | C3: Units of Measure | D3: Quantity | F3: Total Quantity | H3: Location
D4: P | E4: F | F4: P | G4: F | H4: Alignment | I4: Beging Sta. | J4: End Sta. | K4: Side | L4: Description: | M4: Estimate#:
A5: Column1 | B5: Column2 | C5: Column3 | D5: Column4 | E5: Column5 | F5: Column6 | G5: Column7 | H5: Column8 | I5: Column9 | J5: Column10 | K5: Column11 | L5: Column12 | M5: Column13
A6: ='Page 34'!A28 -> 0670 5140 | B6: ='Page 34'!B28 -> Traffic Controller Assembly, F&I, Model 2070 | C6: ='Page 34'!D28 -> AS | D6: ='Page 34'!E28 -> 1 | E6: ='Page 34'!F28 -> 0 | F6: ='Page 34'!G28 -> 1 | G6: ='Page 34'!H28 -> 0 | H6: ='Page 34'!I28 -> BLSR976 | I6: ='Page 34'!J28 -> 422+62.76 | J6: ='Page 34'!K28 -> 422+62.76 | K6: ='Page 34'!L28 -> RT
A43: Sub-Total: | D43: =SUBTOTAL(109,D6:D42) -> 1 | E43: =SUBTOTAL(109,E6:E42) -> 0
C45: Date:

Sheet 0670 5600_x0009_TRAF CNTL ASSEM, R
A1: Final Measure : 0670 5600 TRAFFIC CONTROLLER ASSEMBLY, REMOVE CONTROLLER WITH CABINET | N1: Ir a Indice
N2: Ir a Pag 34
A3: Pay Item Number | B3: Pay Item Description | C3: Units of Measure | D3: Quantity | F3: Total Quantity | H3: Location
D4: P | E4: F | F4: P | G4: F | H4: Alignment | I4: Beging Sta. | J4: End Sta. | K4: Side | L4: Description: | M4: Estimate#:
A5: Column1 | B5: Column2 | C5: Column3 | D5: Column4 | E5: Column5 | F5: Column6 | G5: Column7 | H5: Column8 | I5: Column9 | J5: Column10 | K5: Column11 | L5: Column12 | M5: Column13
A6: ='Page 34'!A29 -> 0670 5600 | B6: ='Page 34'!B29 -> Traffic Controller Assembly, Remove, Controller And Cabinet | C6: ='Page 34'!D29 -> AS | D6: ='Page 34'!E29 -> 1 | E6: ='Page 34'!F29 -> 0 | F6: ='Page 34'!G29 -> 1 | G6: ='Page 34'!H29 -> 0 | H6: ='Page 34'!I29 -> BLSR976 | I6: ='Page 34'!J29 -> 422+50.44 | J6: ='Page 34'!K29 -> 422+50.44 | K6: ='Page 34'!L29 -> RT
A43: Sub-Total: | D43: =SUBTOTAL(109,D6:D42) -> 1 | E43: =SUBTOTAL(109,E6:E42) -> 0
C45: Date:

Sheet 0684 90102_x0009_NET DEV, CELLULAR
A1: Final Measure : 0684 90102 NET DEV, CELLULAR MODEM | N1: Ir a Indice
N2: Ir a Pag 34
A3: Pay Item Number | B3: Pay Item Description | C3: Units of Measure | D3: Quantity | F3: Total Quantity | H3: Location
D4: P | E4: F | F4: P | G4: F | H4: Alignment | I4: Beging Sta. | J4: End Sta. | K4: Side | L4: Description: | M4: Estimate#:
A5: Column1 | B5: Column2 | C5: Column3 | D5: Column4 | E5: Column5 | F5: Column6 | G5: Column7 | H5: Column8 | I5: Column9 | J5: Column10 | K5: Column11 | L5: Column12 | M5: Column13
A6: ='Page 34'!A30 -> 0684 90102 | B6: ='Page 34'!B30 -> Network Device, Cellular Modem | C6: ='Page 34'!D30 -> EA | D6: ='Page 34'!E30 -> 1 | E6: ='Page 34'!F30 -> 0 | F6: ='Page 34'!G30 -> 1 | G6: ='Page 34'!H30 -> 0 | H6: ='Page 34'!I30 -> BLSR976 | I6: ='Page 34'!J30 -> 422+62.76 | J6: ='Page 34'!K30 -> 422+62.76 | K6: ='Page 34'!L30 -> RT
A43: Sub-Total: | D43: =SUBTOTAL(109,D6:D42) -> 1 | E43: =SUBTOTAL(109,E6:E42) -> 0
C45: Date:

Sheet 0650 1 14_x0009_VEHICULAR TRAFFIC SIG
A1: Final Measure : 0650 1 14 VEHICULAR TRAFFIC SIGNAL, FURNISH & INSTALL ALUMINIUM, 3 SECTION, 1 WAY | N1: Ir a Indice
N2: Ir a Pag 36
A3: Pay Item Number | B3: Pay Item Description | C3: Units of Measure | D3: Quantity | F3: Total Quantity | H3: Location
D4: P | E4: F | F4: P | G4: F | H4: Alignment | I4: Beging Sta. | J4: End Sta. | K4: Side | L4: Description: | M4: Estimate#:
A5: Column1 | B5: Column2 | C5: Column3 | D5: Column4 | E5: Column5 | F5: Column6 | G5: Column7 | H5: Column8 | I5: Column9 | J5: Column10 | K5: Column11 | L5: Column12 | M5: Column13
A6: ='Page 36'!A4 -> 0650 1 14 | B6: ='Page 36'!B4 -> Vehicular Traffic Signal, Furnish & Install Aluminum, 3 Section, 1 Way | C6: ='Page 36'!D4 -> AS | D6: ='Page 36'!E4 -> 1 | E6: ='Page 36'!F4 -> 0 | F6: ='Page 36'!G4 -> 3 | G6: ='Page 36'!H4 -> 0 | H6: ='Page 36'!I4 -> BLSR976 | I6: ='Page 36'!J4 -> 421+31.97 | J6: ='Page 36'!K4 -> 421+31.97 | K6: ='Page 36'!L4 -> LT
D7: ='Page 36'!E5 -> 1 | E7: ='Page 36'!F5 -> 0 | F7: ='Page 36'!G5 -> 0 | G7: ='Page 36'!H5 -> 0 | H7: ='Page 36'!I5 -> BLSR976 | I7: ='Page 36'!J5 -> 422+10.06 | J7: ='Page 36'!K5 -> 422+10.06 | K7: ='Page 36'!L5 -> LT
D8: ='Page 36'!E6 -> 1 | E8: ='Page 36'!F6 -> 0 | F8: ='Page 36'!G6 -> 0 | G8: ='Page 36'!H6 -> 0 | H8: ='Page 36'!I6 -> BLSR976 | I8: ='Page 36'!J6 -> 422+42.04 | J8: ='Page 36'!K6 -> 422+42.04 | K8: ='Page 36'!L6 -> RT
A43: Sub-Total: | D43: =SUBTOTAL(109,D6:D42) -> 3 | E43: =SUBTOTAL(109,E6:E42) -> 0
C45: Date:

Sheet 0650 1 18_x0009_VEHICULAR TRAFFIC SIG
A1: Final Measure : 0650 1 18 VEHICULAR TRAFFIC SIGNAL, FURNISH & INSTALL ALUMINIUM, 5 SECTION STRAIGHT, 1 WAY | N1: Ir a Indice
N2: Ir a Pag 36
A3: Pay Item Number | B3: Pay Item Description | C3: Units of Measure | D3: Quantity | F3: Total Quantity | H3: Location
D4: P | E4: F | F4: P | G4: F | H4: Alignment | I4: Beging Sta. | J4: End Sta. | K4: Side | L4: Description: | M4: Estimate#:
A5: Column1 | B5: Column2 | C5: Column3 | D5: Column4 | E5: Column5 | F5: Column6 | G5: Column7 | H5: Column8 | I5: Column9 | J5: Column10 | K5: Column11 | L5: Column12 | M5: Column13
A6: ='Page 36'!A7 -> 0650 1 18 | B6: ='Page 36'!B7 -> Vehicular Traffic Signal, Furnish & Install Aluminum, 5 Section Straight, 1 Way | C6: ='Page 36'!D7 -> AS | D6: ='Page 36'!E7 -> 1 | E6: ='Page 36'!F7 -> 0 | F6: ='Page 36'!G7 -> 6 | G6: ='Page 36'!H7 -> 0 | H6: ='Page 36'!I7 -> BLSR976 | I6: ='Page 36'!J7 -> 421+32.72 | J6: ='Page 36'!K7 -> 421+32.72 | K6: ='Page 36'!L7 -> RT
D7: ='Page 36'!E8 -> 1 | E7: ='Page 36'!F8 -> 0 | F7: ='Page 36'!G8 -> 0 | G7: ='Page 36'!H8 -> 0 | H7: ='Page 36'!I8 -> BLSR976 | I7: ='Page 36'!J8 -> 421+67.52 | J7: ='Page 36'!K8 -> 421+67.52 | K7: ='Page 36'!L8 -> RT
D8: ='Page 36'!E9 -> 1 | E8: ='Page 36'!F9 -> 0 | F8: ='Page 36'!G9 -> 0 | G8: ='Page 36'!H9 -> 0 | H8: ='Page 36'!I9 -> BLSR976 | I8: ='Page 36'!J9 -> 421+87.10 | J8: ='Page 36'!K9 -> 421+87.10 | K8: ='Page 36'!L9 -> RT
D9: ='Page 36'!E10 -> 1 | E9: ='Page 36'!F10 -> 0 | F9: ='Page 36'!G10 -> 0 | G9: ='Page 36'!H10 -> 0 | H9: ='Page 36'!I10 -> BLSR976 | I9: ='Page 36'!J10 -> 421+98.90 | J9: ='Page 36'!K10 -> 421+98.90 | K9: ='Page 36'!L10 -> LT
D10: ='Page 36'!E11 -> 1 | E10: ='Page 36'!F11 -> 0 | F10: ='Page 36'!G11 -> 0 | G10: ='Page 36'!H11 -> 0 | H10: ='Page 36'!I11 -> BLSR976 | I10: ='Page 36'!J11 -> 422+41.59 | J10: ='Page 36'!K11 -> 422+41.59 | K10: ='Page 36'!L11 -> RT
D11: ='Page 36'!E12 -> 1 | E11: ='Page 36'!F12 -> 0 | F11: ='Page 36'!G12 -> 0 | G11: ='Page 36'!H12 -> 0 | H11: ='Page 36'!I12 -> BLSR976 | I11: ='Page 36'!J12 -> 422+42.65 | J11: ='Page 36'!K12 -> 422+42.65 | K11: ='Page 36'!L12 -> RT
A43: Sub-Total: | D43: =SUBTOTAL(109,D6:D42) -> 6 | E43: =SUBTOTAL(109,E6:E42) -> 0
C45: Date:

Sheet 0650 1 60_x0009_VEHICULAR TRAFFIC SIG
A1: Final Measure : 0650 1 60 VEHICULAR TRAFFIC SIGNAL, REMOVE-POLES TO REMAIN | N1: Ir a Indice
N2: Ir a Pag 36
A3: Pay Item Number | B3: Pay Item Description | C3: Units of Measure | D3: Quantity | F3: Total Quantity | H3: Location
D4: P | E4: F | F4: P | G4: F | H4: Alignment | I4: Beging Sta. | J4: End Sta. | K4: Side | L4: Description: | M4: Estimate#:
A5: Column1 | B5: Column2 | C5: Column3 | D5: Column4 | E5: Column5 | F5: Column6 | G5: Column7 | H5: Column8 | I5: Column9 | J5: Column10 | K5: Column11 | L5: Column12 | M5: Column13
A6: ='Page 36'!A13 -> 0650 1 60 | B6: ='Page 36'!B13 -> Vehicular Traffic Signal, Remove- Poles To Remain | C6: ='Page 36'!D13 -> AS | D6: ='Page 36'!E13 -> 1 | E6: ='Page 36'!F13 -> 0 | F6: ='Page 36'!G13 -> 9 | G6: ='Page 36'!H13 -> 0 | H6: ='Page 36'!I13 -> BLSR976 | I6: ='Page 36'!J13 -> 421+32.01 | J6: ='Page 36'!K13 -> 421+32.01 | K6: ='Page 36'!L13 -> LT
D7: ='Page 36'!E14 -> 1 | E7: ='Page 36'!F14 -> 0 | F7: ='Page 36'!G14 -> 0 | G7: ='Page 36'!H14 -> 0 | H7: ='Page 36'!I14 -> BLSR976 | I7: ='Page 36'!J14 -> 421+32.76 | J7: ='Page 36'!K14 -> 421+32.76 | K7: ='Page 36'!L14 -> RT
D8: ='Page 36'!E15 -> 1 | E8: ='Page 36'!F15 -> 0 | F8: ='Page 36'!G15 -> 0 | G8: ='Page 36'!H15 -> 0 | H8: ='Page 36'!I15 -> BLSR976 | I8: ='Page 36'!J15 -> 421+67.56 | J8: ='Page 36'!K15 -> 421+67.56 | K8: ='Page 36'!L15 -> RT
D9: ='Page 36'!E16 -> 1 | E9: ='Page 36'!F16 -> 0 | F9: ='Page 36'!G16 -> 0 | G9: ='Page 36'!H16 -> 0 | H9: ='Page 36'!I16 -> BLSR976 | I9: ='Page 36'!J16 -> 421+87.14 | J9: ='Page 36'!K16 -> 421+87.14 | K9: ='Page 36'!L16 -> RT
D10: ='Page 36'!E17 -> 1 | E10: ='Page 36'!F17 -> 0 | F10: ='Page 36'!G17 -> 0 | G10: ='Page 36'!H17 -> 0 | H10: ='Page 36'!I17 -> BLSR976 | I10: ='Page 36'!J17 -> 422+00.30 | J10: ='Page 36'!K17 -> 422+00.30 | K10: ='Page 36'!L17 -> LT
D11: ='Page 36'!E18 -> 1 | E11: ='Page 36'!F18 -> 0 | F11: ='Page 36'!G18 -> 0 | G11: ='Page 36'!H18 -> 0 | H11: ='Page 36'!I18 -> BLSR976 | I11: ='Page 36'!J18 -> 422+10.12 | J11: ='Page 36'!K18 -> 422+10.12 | K11: ='Page 36'!L18 -> LT
D12: ='Page 36'!E19 -> 1 | E12: ='Page 36'!F19 -> 0 | F12: ='Page 36'!G19 -> 0 | G12: ='Page 36'!H19 -> 0 | H12: ='Page 36'!I19 -> BLSR976 | I12: ='Page 36'!J19 -> 422+41.63 | J12: ='Page 36'!K19 -> 422+41.63 | K12: ='Page 36'!L19 -> RT
D13: ='Page 36'!E20 -> 1 | E13: ='Page 36'!F20 -> 0 | F13: ='Page 36'!G20 -> 0 | G13: ='Page 36'!H20 -> 0 | H13: ='Page 36'!I20 -> BLSR976 | I13: ='Page 36'!J20 -> 422+42.08 | J13: ='Page 36'!K20 -> 422+42.08 | K13: ='Page 36'!L20 -> RT
D14: ='Page 36'!E21 -> 1 | E14: ='Page 36'!F21 -> 0 | F14: ='Page 36'!G21 -> 0 | G14: ='Page 36'!H21 -> 0 | H14: ='Page 36'!I21 -> BLSR976 | I14: ='Page 36'!J21 -> 422+42.65 | J14: ='Page 36'!K21 -> 422+42.65 | K14: ='Page 36'!L21 -> RT
A43: Sub-Total: | D43: =SUBTOTAL(109,D6:D42) -> 9 | E43: =SUBTOTAL(109,E6:E42) -> 0
C45: Date:

Sheet Page 2
A1: Summary of General Items - 44600115201 | T1: Ir a Indice
A2: Pay Item Number | B2: Pay Item Description | D2: Units of Measure | E2: Quantity | G2: Total Quantity | I2: Secondary Quantity | L2: Location | P2: Design Notes | Q2: Construction Remarks
E3: P | F3: F | G3: P | H3: F | I3: Units | J3: P | K3: F | L3: Alignment | M3: Begin Station | N3: End Station | O3: Side
A4: 0635 2 11 | B4: Pull & Splice Box, F&I, 13 X 24 Cover Size | D4: EA | E4: 1 | G4: 3 | L4: BLSR976 | M4: 412+70.26 | N4: 412+70.26 | O4: RT | P4: Lighting Pull Box Incidental to Sidewalk Work
E5: 1 | L5: BLSR976 | M5: 413+47.53 | N5: 413+47.53 | O5: RT | P5: Lighting Pull Box Incidental to Sidewalk Work
E6: 1 | L6: BLSR976 | M6: 414+35.31 | N6: 414+35.31 | O6: RT | P6: Lighting Pull Box Incidental to Sidewalk Work
A7: ...
A8: ...
A9: ...
R11: Page 2 of 61
A12: 11/22/2024 2:38:12 PM

Sheet Page 3
A1: Summary of Lump Sum Items - 44600115201 | M1: Ir a Indice
A2: Pay Item Number | B2: Pay Item Description | D2: Units of Measure | E2: Quantity | G2: Total Quantity | I2: Design Notes | J2: Construction Remarks
E3: P | F3: F | G3: P | H3: F
A4: 0101 1 | B4: MOBILIZATION | D4: LS | E4: 1 | G4: 1
A5: 0108 2 | B5: MONITOR EXISTING STRUCTURES- VIBRATION MONITORING | D5: LS | E5: 1 | G5: 1 | I5: SEE GENERAL NOTES FOR LOCATIONS
A6: ...
A7: ...
A8: ...
K10: Page 3 of 61
A11: 11/22/2024 2:38:12 PM

Sheet Page 4
A1: Summary of Temporary Traffic Control Plan Items - 44600115201 | S1: Ir a Indice
A2: Pay Item Number | B2: Pay Item Description | D2: Units of Measure | E2: Number Required | F2: Duration (Days) | G2: Quantity | I2: Total Quantity | K2: Secondary Quantity | N2: Location | O2: Design Notes | P2: Construction Remarks
G3: P | H3: F | I3: P | J3: F | K3: Units | L3: P | M3: F | N3: Const. Phase
A4: 0102 1 | B4: MAINTENANCE OF TRAFFIC | D4: LS | G4: 1 | I4: 1 | K4: DA | L4: 160 | N4: ALL
A5: 0102 14 | B5: TRAFFIC CONTROLLER OFFICER | D5: HR | E5: 8 | F5: 10 | G5: 80 | I5: 160 | N5: II | O5: ROADWORK IMPROVEMENTS
E6: 8 | F6: 10 | G6: 80 | N6: III | O6: MILLING & RESURFACING
A7: 0102 60 | B7: WORK ZONE SIGN | D7: ED | E7: 19 | F7: 10 | G7: 190 | I7: 3650 | N7: I | O7: TRAFFIC SEPARATOR CONSTRUCTION
E8: 26 | F8: 110 | G8: 2860 | N8: II | O8: ROADWORK IMPROVEMENTS
E9: 15 | F9: 40 | G9: 600 | N9: III | O9: MILLING & RESURFACING, FINAL PM
A10: 0102 74 1 | B10: CHANNELIZING DEVICE- TYPES, I, II DI, VP, DRUM, OR LCD | D10: ED | E10: 42 | F10: 10 | G10: 420 | I10: 3230 | N10: I | O10: TRAFFIC SEPARATOR CONSTRUCTION
E11: 15 | F11: 110 | G11: 1650 | N11: II | O11: ROADWORK IMPROVEMENTS
E12: 29 | F12: 40 | G12: 1160 | N12: III | O12: MILLING & RESURFACING, FINAL PM
A13: 0102 76 | B13: ARROW BOARD / ADVANCE WARNING ARROW PANEL | D13: ED | E13: 2 | F13: 10 | G13: 20 | I13: 320 | N13: I | O13: TRAFFIC SEPARATOR CONSTRUCTION
E14: 2 | F14: 110 | G14: 220 | N14: II | O14: ROADWORK IMPROVEMENTS
E15: 2 | F15: 40 | G15: 80 | N15: III | O15: MILLING & RESURFACING, FINAL PM
A16: 0102 99 | B16: PORTABLE CHANGEABLE MESSAGE SIGN, TEMPORARY | D16: ED | E16: 2 | F16: 24 | G16: 48 | I16: 308 | N16: I | O16: TRAFFIC SEPARATOR CONSTRUCTION
E17: 2 | F17: 110 | G17: 220 | N17: II | O17: ROADWORK IMPROVEMENTS
E18: 1 | F18: 40 | G18: 40 | N18: III | O18: MILLING & RESURFACING, FINAL PM
A19: 0102 115 | B19: TYPE III BARRICADE | D19: ED | E19: 2 | F19: 55 | G19: 110 | I19: 150 | N19: II | O19: ROADWORK IMPROVEMENTS
Q21: Page 4 of 61
A22: 11/22/2024 2:38:12 PM

Sheet Page 5
A1: Summary of Temporary Traffic Control Plan Items - 44600115201
A2: Pay Item Number | B2: Pay Item Description | D2: Units of Measure | E2: Number Required | F2: Duration (Days) | G2: Quantity | I2: Total Quantity | K2: Secondary Quantity | N2: Location | O2: Design Notes | P2: Construction Remarks
G3: P | H3: F | I3: P | J3: F | K3: Units | L3: P | M3: F | N3: Const. Phase
E4: 2 | F4: 20 | G4: 40 | N4: III | O4: MILLING & RESURFACING, FINAL PM
A5: ...
A6: ...
A7: ...
Q9: Page 5 of 61
A10: 11/22/2024 2:38:12 PM

Sheet Page 6
A1: Summary of Pedestrian Longitudinal Channelizing Devices - 44600115201
A2: Pay Item Number | B2: Pay Item Description | D2: Units of Measure | E2: Duration (Days) | F2: Length (FT) | G2: Quantity | I2: Total Quantity | K2: Location | Q2: Design Notes | R2: Construction Remarks
G3: P | H3: F | I3: P | J3: F | K3: Const. Phase | L3: Alignment | M3: Begin Station | N3: End Station | O3: Side | P3: Element ID
A4: 0102 74 8 | B4: Channelizing Device - Pedestrian LCD (Longitudinal Channelizing Device) | D4: FD | E4: 2 | F4: 6 | G4: 12 | I4: 7758 | K4: IIIA | L4: BLSR976 | M4: 416+24.75 | N4: 416+24.80 | O4: LT | P4: 2131
E5: 2 | F5: 6 | G5: 12 | K5: IIIA | L5: BLSR976 | M5: 416+33.79 | N5: 416+33.82 | O5: LT | P5: 2130
E6: 5 | F6: 6 | G6: 30 | K6: IIIA | L6: BLSR976 | M6: 416+53.44 | N6: 416+53.69 | O6: LT | P6: 16045
E7: 5 | F7: 6 | G7: 30 | K7: IIIA | L7: BLSR976 | M7: 416+62.51 | N7: 416+68.51 | O7: LT | P7: 16044
E8: 5 | F8: 6 | G8: 30 | K8: IIIA | L8: BLSR976 | M8: 416+70.17 | N8: 416+73.92 | O8: LT | P8: 16046
E9: 5 | F9: 6 | G9: 30 | K9: IIIA | L9: BLSR976 | M9: 417+09.04 | N9: 417+12.39 | O9: LT | P9: 16048
E10: 5 | F10: 6 | G10: 30 | K10: IIIA | L10: BLSR976 | M10: 417+16.07 | N10: 417+16.27 | O10: LT | P10: 16047
E11: 5 | F11: 6 | G11: 30 | K11: IIIA | L11: BLSR976 | M11: 417+16.32 | N11: 417+16.53 | O11: LT | P11: 16084
E12: 5 | F12: 6 | G12: 30 | K12: IIIA | L12: BLSR976 | M12: 417+16.51 | N12: 417+18.84 | O12: LT | P12: 16086
E13: 5 | F13: 6 | G13: 30 | K13: IIIA | L13: BLSR976 | M13: 417+18.82 | N13: 417+22.62 | O13: LT | P13: 16087
E14: 5 | F14: 6 | G14: 30 | K14: IIIA | L14: BLSR976 | M14: 417+23.29 | N14: 417+28.41 | O14: LT | P14: 16088
E15: 2 | F15: 6 | G15: 12 | K15: IIIA | L15: BLSR976 | M15: 417+29.60 | N15: 417+29.60 | O15: LT | P15: 2132
E16: 2 | F16: 6 | G16: 12 | K16: IIIA | L16: BLSR976 | M16: 417+37.09 | N16: 417+37.11 | O16: LT | P16: 2133
... E34: 5 | F34: 6 | G34: 30 | K34: IIIA | L34: BLSR976 | M34: 423+59.14 | N34: 423+59.16 | O34: LT | P34: 16310
S36: Page 6 of 61
A37: 11/22/2024 2:38:12 PM

Sheet Page 7
A1: Summary of Pedestrian Longitudinal Channelizing Devices - 44600115201
A2: Pay Item Number | B2: Pay Item Description | D2: Units of Measure | E2: Duration (Days) | F2: Length (FT) | G2: Quantity | I2: Total Quantity | K2: Location | Q2: Design Notes | R2: Construction Remarks
G3: P | H3: F | I3: P | J3: F | K3: Const. Phase | L3: Alignment | M3: Begin Station | N3: End Station | O3: Side | P3: Element ID
E4: 5 | F4: 6 | G4: 30 | K4: IIIA | L4: BLSR976 | M4: 423+77.41 | N4: 423+83.41 | O4: LT | P4: 16309
E5: 5 | F5: 6 | G5: 30 | K5: IIIA | L5: BLSR976 | M5: 424+00.57 | N5: 424+00.59 | O5: LT | P5: 15059
E6: 2 | F6: 6 | G6: 12 | K6: IIIA | L6: BLSR976 | M6: 424+47.54 | N6: 424+47.56 | O6: LT | P6: 15062
E7: 2 | F7: 6 | G7: 12 | K7: IIIA | L7: BLSR976 | M7: 424+57.08 | N7: 424+57.10 | O7: LT | P7: 15061
E8: 2 | F8: 6 | G8: 12 | K8: IIIA | L8: BLSR976 | M8: 424+75.22 | N8: 424+75.24 | O8: LT | P8: 16073
E9: 2 | F9: 6 | G9: 12 | K9: IIIA | L9: BLSR976 | M9: 424+82.90 | N9: 424+82.92 | O9: LT | P9: 16074
E10: 2 | F10: 6 | G10: 12 | K10: IIIA | L10: BLSR976 | M10: 424+98.11 | N10: 424+98.13 | O10: LT | P10: 16075
E11: 2 | F11: 6 | G11: 12 | K11: IIIA | L11: BLSR976 | M11: 425+05.39 | N11: 425+05.41 | O11: LT | P11: 16076
E12: 2 | F12: 6 | G12: 12 | K12: IIIA | L12: BLSR976 | M12: 425+13.72 | N12: 425+13.74 | O12: LT | P12: 16077
E13: 2 | F13: 6 | G13: 12 | K13: IIIA | L13: BLSR976 | M13: 425+26.20 | N13: 425+26.22 | O13: LT | P13: 16078
E14: 2 | F14: 6 | G14: 12 | K14: IIIA | L14: BLSR976 | M14: 425+68.51 | N14: 425+68.53 | O14: LT | P14: 16079
E15: 2 | F15: 6 | G15: 12 | K15: IIIA | L15: BLSR976 | M15: 425+77.02 | N15: 425+77.04 | O15: LT | P15: 16080
... E34: 2 | F34: 6 | G34: 12 | K34: IIIB | L34: BLSR976 | M34: 416+34.30 | N34: 416+34.32 | O34: RT | P34: 15074
S36: Page 7 of 61
A37: 11/22/2024 2:38:12 PM

Sheet Page 8
A1: Summary of Pedestrian Longitudinal Channelizing Devices - 44600115201
A2: Pay Item Number | B2: Pay Item Description | D2: Units of Measure | E2: Duration (Days) | F2: Length (FT) | G2: Quantity | I2: Total Quantity | K2: Location | Q2: Design Notes | R2: Construction Remarks
G3: P | H3: F | I3: P | J3: F | K3: Const. Phase | L3: Alignment | M3: Begin Station | N3: End Station | O3: Side | P3: Element ID
E4: 2 | F4: 6 | G4: 12 | K4: IIIB | L4: BLSR976 | M4: 416+43.34 | N4: 416+43.36 | O4: RT | P4: 15082
E5: 5 | F5: 6 | G5: 30 | K5: IIIB | L5: BLSR976 | M5: 418+09.01 | N5: 418+09.02 | O5: RT | P5: 17626
E6: 5 | F6: 6 | G6: 30 | K6: IIIB | L6: BLSR976 | M6: 418+61.98 | N6: 418+67.98 | O6: RT | P6: 16050
E7: 5 | F7: 6 | G7: 30 | K7: IIIB | L7: BLSR976 | M7: 419+14.24 | N7: 419+14.26 | O7: RT | P7: 16049
E8: 20 | F8: 6 | G8: 120 | K8: IIIB | L8: BLSR976 | M8: 421+23.48 | N8: 421+23.50 | O8: RT | P8: 15072
E9: 20 | F9: 6 | G9: 120 | K9: IIIB | L9: BLSR976 | M9: 421+34.40 | N9: 421+39.18 | O9: LT | P9: 2180
E10: 20 | F10: 6 | G10: 120 | K10: IIIB | L10: BLSR976 | M10: 421+38.90 | N10: 421+42.66 | O10: LT | P10: 15085
E11: 20 | F11: 6 | G11: 120 | K11: IIIB | L11: BLSR976 | M11: 421+41.63 | N11: 421+47.63 | O11: RT | P11: 15073
E12: 35 | F12: 6 | G12: 210 | K12: IIIB | L12: BLSR976 | M12: 421+43.82 | N12: 421+48.97 | O12: RT | P12: 15071
E13: 35 | F13: 6 | G13: 210 | K13: IIIB | L13: BLSR976 | M13: 421+49.75 | N13: 421+52.91 | O13: RT | P13: 15070
E14: 35 | F14: 6 | G14: 210 | K14: IIIB | L14: BLSR976 | M14: 422+21.97 | N14: 422+27.97 | O14: RT | P14: 2167
E15: 20 | F15: 6 | G15: 120 | K15: IIIB | L15: BLSR976 | M15: 422+23.11 | N15: 422+23.13 | O15: RT | P15: 15069
... E34: 5 | F34: 6 | G34: 30 | K34: IIIB | L34: BLSR976 | M34: 423+35.47 | N34: 423+41.46 | O34: RT | P34: 2178
S36: Page 8 of 61
A37: 11/22/2024 2:38:12 PM

Sheet Page 9
A1: Summary of Pedestrian Longitudinal Channelizing Devices - 44600115201
A2: Pay Item Number | B2: Pay Item Description | D2: Units of Measure | E2: Duration (Days) | F2: Length (FT) | G2: Quantity | I2: Total Quantity | K2: Location | Q2: Design Notes | R2: Construction Remarks
G3: P | H3: F | I3: P | J3: F | K3: Const. Phase | L3: Alignment | M3: Begin Station | N3: End Station | O3: Side | P3: Element ID
E4: 5 | F4: 6 | G4: 30 | K4: IIIB | L4: BLSR976 | M4: 423+39.18 | N4: 423+45.17 | O4: RT | P4: 2179
E5: 5 | F5: 6 | G5: 30 | K5: IIIB | L5: BLSR976 | M5: 423+76.40 | N5: 423+79.84 | O5: RT | P5: 2175
E6: 2 | F6: 6 | G6: 12 | K6: IIIB | L6: BLSR976 | M6: 423+76.60 | N6: 423+82.60 | O6: RT | P6: 16052
E7: 2 | F7: 6 | G7: 12 | K7: IIIB | L7: BLSR976 | M7: 423+80.38 | N7: 423+80.39 | O7: RT | P7: 16051
E8: 2 | F8: 6 | G8: 12 | K8: IIIB | L8: BLSR976 | M8: 424+16.50 | N8: 424+16.52 | O8: RT | P8: 2174
E9: 2 | F9: 6 | G9: 12 | K9: IIIB | L9: BLSR976 | M9: 424+26.90 | N9: 424+26.92 | O9: RT | P9: 2173
E10: 5 | F10: 6 | G10: 30 | K10: IIIB | L10: BLSR976 | M10: 426+58.11 | N10: 426+58.13 | O10: RT | P10: 16056
E11: 5 | F11: 6 | G11: 30 | K11: IIIB | L11: BLSR976 | M11: 426+58.11 | N11: 426+58.13 | O11: RT | P11: 16055
E12: 5 | F12: 6 | G12: 30 | K12: IIIB | L12: BLSR976 | M12: 426+68.93 | N12: 426+74.93 | O12: RT | P12: 16057
E13: 5 | F13: 6 | G13: 30 | K13: IIIB | L13: BLSR976 | M13: 426+69.24 | N13: 426+74.05 | O13: RT | P13: 16059
E14: 5 | F14: 6 | G14: 30 | K14: IIIB | L14: BLSR976 | M14: 426+75.21 | N14: 426+81.21 | O14: RT | P14: 16058
E15: 5 | F15: 6 | G15: 30 | K15: IIIB | L15: BLSR976 | M15: 427+09.46 | N15: 427+14.21 | O15: RT | P15: 16054
E16: 5 | F16: 6 | G16: 30 | K16: IIIB | L16: BLSR976 | M16: 427+29.16 | N16: 427+29.17 | O16: RT | P16: 16312
A17: ...
A18: ...
A19: ...
S21: Page 9 of 61
A22: 11/22/2024 2:38:12 PM

Sheet Page 10
A1: Summary of Temporary Signalization and Detection - 44600115201
A2: Pay Item Number | B2: Pay Item Description | D2: Units of Measure | E2: Existing (E) or Temp/New (T) | F2: Number Required | G2: Duration (Days) | H2: Quantity | J2: Total Quantity | L2: Location | M2: Design Notes | N2: Construction Remarks
H3: P | I3: F | J3: P | K3: F | L3: Const. Phase
A4: 102104 | B4: TEMPORARY SIGNALS & MAINTENANCE OF INTERSECTION | D4: ED | E4: E | F4: 1 | G4: 350 | H4: 350 | J4: 350 | L4: ALL
A5: 0102107 1 | B5: TEMPORARY TRAFFIC DETECTION & MAINTENANCE OF INTERSECTION | D5: ED | E5: E | F5: 1 | G5: 350 | H5: 350 | J5: 350 | L5: ALL
A6: ...
A7: ...
A8: ...
O10: Page 10 of 61
A11: 11/22/2024 2:38:12 PM

Sheet Page 11
A1: Summary of Erosion Control and Sediment Control Devices - 44600115201 | Q1: Ir a Indice
A2: Pay Item Number | B2: Pay Item Description | D2: Units of Measure | E2: Quantity | G2: Total Quantity | I2: Location | N2: Design Notes | O2: Construction Remarks
E3: P | F3: F | G3: P | H3: F | I3: Alignment | J3: Begin Station | K3: End Station | L3: Side | M3: Element ID
A4: 0104 18 | B4: Inlet Protection System | D4: EA | E4: 1 | G4: 35 | I4: BLSR976 | J4: 411+42.40 | K4: 411+53.25 | L4: RT | M4: 3998
E5: 1 | I5: BLSR976 | J5: 411+91.82 | K5: 412+02.66 | L5: LT | M5: 3997
E6: 1 | I6: BLSR976 | J6: 413+45.44 | K6: 413+56.41 | L6: RT | M6: 3336
E7: 1 | I7: BLSR976 | J7: 413+53.31 | K7: 413+64.16 | L7: LT | M7: 3333
E8: 1 | I8: BLSR976 | J8: 418+46.66 | K8: 418+57.22 | L8: RT | M8: 3332
E9: 1 | I9: BLSR976 | J9: 419+25.89 | K9: 419+36.28 | L9: RT | M9: 3331
E10: 1 | I10: BLSR976 | J10: 419+90.30 | K10: 420+06.43 | L10: LT | M10: 3330
E11: 1 | I11: BLSR976 | J11: 420+44.54 | K11: 420+55.01 | L11: LT | M11: 3329
E12: 1 | I12: BLSR976 | J12: 421+41.36 | K12: 421+41.91 | L12: LT | M12: 3749
E13: 1 | I13: BLSR976 | J13: 421+56.86 | K13: 421+57.30 | L13: RT | M13: 3335
E14: 1 | I14: BLSR976 | J14: 421+59.30 | K14: 421+59.46 | L14: RT | M14: 4243
E15: 1 | I15: BLSR976 | J15: 422+24.32 | K15: 422+24.88 | L15: LT | M15: 3334
E16: 1 | I16: BLSR976 | J16: 422+32.16 | K16: 422+32.32 | L16: RT | M16: 4242
... E34: 1 | I34: BLSR976 | J34: 429+62.65 | K34: 429+68.65 | L34: LT | M34: 4009
P36: Page 11 of 61
A37: 11/22/2024 2:38:12 PM

Sheet Page 12
A1: Summary of Erosion Control and Sediment Control Devices - 44600115201 | Q1: Ir a Indice
A2: Pay Item Number | B2: Pay Item Description | D2: Units of Measure | E2: Quantity | G2: Total Quantity | I2: Location | N2: Design Notes | O2: Construction Remarks
E3: P | F3: F | G3: P | H3: F | I3: Alignment | J3: Begin Station | K3: End Station | L3: Side | M3: Element ID
E4: 1 | I4: BLSR976 | J4: 429+68.66 | K4: 429+74.66 | L4: LT | M4: 4010
E5: 1 | I5: BLSR976 | J5: 429+74.66 | K5: 429+80.66 | L5: LT | M5: 4011
E6: 1 | I6: BLSR976 | J6: 429+80.66 | K6: 429+86.66 | L6: LT | M6: 4012
E7: 1 | I7: BLSR976 | J7: 429+86.66 | K7: 429+92.66 | L7: LT | M7: 4013
A8: ...
A9: ...
A10: ...
P12: Page 12 of 61
A13: 11/22/2024 2:38:12 PM

Sheet Page 13
A1: Summary of Litter Removal and Mowing - 44600115201 | W1: Ir al Inice
A2: Pay Item Number | B2: Pay Item Description | D2: Units of Measure | E2: Duration (Days) | F2: Frequency (Days) | G2: Length (FT) | H2: Width (FT) | I2: Cycles | J2: Quantity | M2: Total Quantity | O2: Location | U2: Design Notes | V2: Construction Remarks
J3: AC / Cycle | K3: P | L3: F | M3: P | N3: F | O3: Const. Phase | P3: Alignment | Q3: Begin Station | R3: End Station | S3: Side | T3: Element ID
A4: 0107 1 | B4: Litter Removal And Disposal | D4: AC | E4: 350 | F4: 30 | I4: 12 | J4: 0.221 | K4: 2.651 | M4: 11.2 | P4: BLSR976 | Q4: 412+85.00 | R4: 428+90.00 | S4: RT | T4: 14291
E5: 350 | F5: 30 | I5: 12 | J5: 0.301 | K5: 3.609 | P5: BLSR976 | Q5: 412+85.00 | R5: 428+90.00 | S5: LT | T5: 14290
E6: 350 | F6: 30 | I6: 12 | J6: 0.412 | K6: 4.938 | P6: BLSR976 | Q6: 412+85.00 | R6: 428+90.00 | S6: RT | T6: 14292
A7: 0107 2 | B7: Mowing | D7: AC | E7: 350 | F7: 30 | I7: 12 | J7: 0.221 | K7: 2.651 | M7: 11.2 | P7: BLSR976 | Q7: 412+85.00 | R7: 428+90.00 | S7: RT | T7: 14291
E8: 350 | F8: 30 | I8: 12 | J8: 0.301 | K8: 3.609 | P8: BLSR976 | Q8: 412+85.00 | R8: 428+90.00 | S8: LT | T8: 14290
E9: 350 | F9: 30 | I9: 12 | J9: 0.412 | K9: 4.938 | P9: BLSR976 | Q9: 412+85.00 | R9: 428+90.00 | S9: RT | T9: 14292
A10: ...
A11: ...
A12: ...
V14: Page 13 of 61
A15: 11/22/2024 2:38:12 PM

Sheet Page 14
A1: Summary of Clearing Grubbing and Removal Items - 44600115201 | V1: Ir al Indice
A2: Pay Item Number | B2: Pay Item Description | D2: Units of Measure | E2: Length (FT) | F2: Width (FT) | G2: Quantity | I2: Total Quantity | K2: Secondary Quantity | N2: Location | S2: Design Notes | T2: Construction Remarks
G3: P | H3: F | I3: P | J3: F | K3: Units | L3: P | M3: F | N3: Alignment | O3: Begin Station | P3: End Station | Q3: Side | R3: Element ID
A4: 0110 1 1 | B4: Clearing & Grubbing | D4: LS | G4: 1 | I4: 1 | K4: AC | L4: 0.001 | N4: BLSR976 | O4: 418+46.70 | P4: 418+57.18 | Q4: RT | R4: 18295 | S4: TOTAL 0.01 AC DRAINAGE STRUCTURE
N5: BLSR976 | O5: 422+30.27 | P5: 422+34.41 | Q5: RT | R5: 9691
L6: 0.001 | N6: BLSR976 | O6: 422+44.84 | P6: 422+54.71 | Q6: RT | R6: 9690
L7: 0.002 | N7: BLSR976 | O7: 422+55.75 | P7: 422+70.61 | Q7: RT | R7: 9689
L8: 0.001 | N8: BLSR976 | O8: 422+59.29 | P8: 422+69.17 | Q8: RT | R8: 9705
A9: 0110 4 10 | B9: Removal Of Existing Concrete | D9: SY | G9: 20.6 | I9: 502 | N9: BLSR976 | O9: 412+69.32 | P9: 412+87.89 | Q9: RT | R9: 15200 | S9: SIDEWALK & PULL BOX
G10: 6.4 | N10: BLSR976 | O10: 412+73.98 | P10: 412+89.88 | Q10: RT | R10: 15570 | S10: C & G
G11: 5.3 | N11: BLSR976 | O11: 413+29.81 | P11: 413+45.46 | Q11: RT | R11: 15563 | S11: C & G
G12: 23.7 | N12: BLSR976 | O12: 413+31.83 | P12: 413+56.26 | Q12: RT | R12: 15542 | S12: SIDEWALK & 2 PULL BOXES
G13: 3.9 | N13: BLSR976 | O13: 414+32.27 | P13: 414+37.14 | Q13: RT | R13: 9713 | S13: SIDEWALK & PULL BOX
G14: 4.1 | N14: BLSR976 | O14: 415+70.10 | P14: 415+86.33 | Q14: RT | R14: 9838 | S14: C & G
G15: 9.1 | N15: BLSR976 | O15: 415+70.16 | P15: 415+84.25 | Q15: RT | R15: 9714 | S15: SIDEWALK
G16: 3.4 | N16: BLSR976 | O16: 416+27.09 | P16: 416+32.06 | Q16: LT | R16: 9718 | S16: SIDEWALK
G17: 4.4 | N17: BLSR976 | O17: 416+35.82 | P17: 416+41.40 | Q17: RT | R17: 9717 | S17: SIDEWALK
G18: 7.2 | N18: BLSR976 | O18: 416+57.06 | P18: 416+79.59 | Q18: LT | R18: 15506 | S18: C & G
G19: 29.6 | N19: BLSR976 | O19: 416+57.11 | P19: 416+77.58 | Q19: LT | R19: 15226 | S19: SIDEWALK
G20: 7.9 | N20: BLSR976 | O20: 417+03.55 | P20: 417+29.19 | Q20: LT | R20: 15495 | S20: C & G
G21: 20.5 | N21: BLSR976 | O21: 417+05.61 | P21: 417+29.14 | Q21: LT | R21: 15243 | S21: SIDEWALK
... G30: 1.7 | N30: BLSR976 | O30: 420+97.31 | P30: 421+02.32 | Q30: RT | R30: 9733 | S30: SIDEWALK & PULL BOX
U32: Page 14 of 61
A33: 11/22/2024 2:38:12 PM

Sheet Page 15
A1: Summary of Clearing Grubbing and Removal Items - 44600115201 | V1: Ir al Indice
A2: Pay Item Number | B2: Pay Item Description | D2: Units of Measure | E2: Length (FT) | F2: Width (FT) | G2: Quantity | I2: Total Quantity | K2: Secondary Quantity | N2: Location | S2: Design Notes | T2: Construction Remarks
G3: P | H3: F | I3: P | J3: F | K3: Units | L3: P | M3: F | N3: Alignment | O3: Begin Station | P3: End Station | Q3: Side | R3: Element ID
G4: 35 | N4: BLSR976 | O4: 421+20.36 | P4: 421+44.70 | Q4: LT | R4: 9735 | S4: SIDEWALK & 3 PULL BOXES
G5: 3.8 | N5: BLSR976 | O5: 421+22.19 | P5: 421+31.01 | Q5: RT | R5: 18296 | S5: TRAFFIC SEPARATOR
G6: 26.2 | N6: BLSR976 | O6: 421+25.29 | P6: 421+54.68 | Q6: RT | R6: 9721 | S6: SIDEWALK & PULL BOX
G7: 7.1 | N7: BLSR976 | O7: 421+25.35 | P7: 421+46.80 | Q7: LT | R7: 9886 | S7: C & G
G8: 5.2 | N8: BLSR976 | O8: 421+36.21 | P8: 421+42.00 | Q8: LT | R8: 9751 | S8: SIDEWALK
G9: 5.1 | N9: BLSR976 | O9: 421+41.79 | P9: 421+56.97 | Q9: RT | R9: 15582 | S9: C & G
G10: 1.7 | N10: BLSR976 | O10: 421+90.04 | P10: 421+93.38 | Q10: LT | R10: 9747 | S10: SIDEWALK & PULL BOX
G11: 2.5 | N11: BLSR976 | O11: 422+22.03 | P11: 422+26.83 | Q11: RT | R11: 9817 | S11: SIDEWALK & PULL BOX
G12: 28.6 | N12: BLSR976 | O12: 422+22.07 | P12: 422+45.21 | Q12: RT | R12: 9811 | S12: SIDEWALK & PULL BOX
G13: 8.3 | N13: BLSR976 | O13: 422+22.98 | P13: 422+51.25 | Q13: LT | R13: 9923 | S13: C & G
G14: 28.7 | N14: BLSR976 | O14: 422+24.54 | P14: 422+51.27 | Q14: LT | R14: 9897 | S14: SIDEWALK & 6 PULL BOXES
G15: 2.7 | N15: BLSR976 | O15: 422+44.47 | P15: 422+48.42 | Q15: RT | R15: 9756 | S15: SIDEWALK & PULL BOX
... G27: 6.8 | N27: BLSR976 | O27: 426+65.94 | P27: 426+76.64 | Q27: LT | R27: 15408 | S27: SIDEWALK
U29: Page 15 of 61
A30: 11/22/2024 2:38:12 PM

Sheet Page 16
A1: Summary of Clearing Grubbing and Removal Items - 44600115201 | V1: Ir al Inice
A2: Pay Item Number | B2: Pay Item Description | D2: Units of Measure | E2: Length (FT) | F2: Width (FT) | G2: Quantity | I2: Total Quantity | K2: Secondary Quantity | N2: Location | S2: Design Notes | T2: Construction Remarks
G3: P | H3: F | I3: P | J3: F | K3: Units | L3: P | M3: F | N3: Alignment | O3: Begin Station | P3: End Station | Q3: Side | R3: Element ID
G4: 4.2 | N4: BLSR976 | O4: 426+65.95 | P4: 426+78.88 | Q4: LT | R4: 15417 | S4: C & G
G5: 3.5 | N5: BLSR976 | O5: 427+06.37 | P5: 427+20.67 | Q5: RT | R5: 15445 | S5: C & G
G6: 7.2 | N6: BLSR976 | O6: 427+07.41 | P6: 427+22.34 | Q6: RT | R6: 15371 | S6: SIDEWALK
A7: ...
A8: ...
A9: ...
U11: Page 16 of 61
A12: 11/22/2024 2:38:12 PM

Sheet Page 17
A1: Summary of Clearing Grubbing and Removal Items - 44600115202 | V1: Ir al Inice
A2: Pay Item Number | B2: Pay Item Description | D2: Units of Measure | E2: Length (FT) | F2: Width (FT) | G2: Quantity | I2: Total Quantity | K2: Secondary Quantity | N2: Location | S2: Design Notes | T2: Construction Remarks
G3: P | H3: F | I3: P | J3: F | K3: Units | L3: P | M3: F | N3: Alignment | O3: Begin Station | P3: End Station | Q3: Side | R3: Element ID
A4: 0110 1 1 | B4: Clearing & Grubbing | D4: LS | G4: 1 | I4: 1 | K4: AC | L4: 0.001 | N4: BLSR976 | O4: 426+86.01 | P4: 426+96.68 | Q4: LT/RT | R4: 17509 | S4: TOTAL 0.01 AC SIDEWALK
A5: 0110 4 10 | B5: Removal Of Existing Concrete | D5: SY | G5: 3.2 | I5: 10 | N5: BLSR976 | O5: 424+19.07 | P5: 424+24.00 | Q5: RT | R5: 9765 | S5: SIDEWALK
G6: 3.1 | N6: BLSR976 | O6: 424+49.76 | P6: 424+54.69 | Q6: LT | R6: 9767 | S6: SIDEWALK
G7: 3.3 | N7: BLSR976 | O7: 428+30.23 | P7: 428+35.18 | Q7: LT | R7: 14579 | S7: SIDEWALK
A8: ...
A9: ...
A10: ...
U12: Page 17 of 61
A13: 11/22/2024 2:38:12 PM

Sheet Page 18
A1: Summary of Pavement - 44600115201
A2: Pay Item Number | B2: Pay Item Description | D2: Units of Measure | E2: Quantity | G2: Total Quantity | I2: Location | O2: Design Notes | P2: Construction Remarks
E3: P | F3: F | G3: P | H3: F | I3: Alignment | J3: Begin Station | K3: End Station | L3: Location Description | M3: Side | N3: Element ID
A4: 0327 70 6 | B4: Milling Exist Asph Pavt, 1 1/2 Avg Depth | D4: SY | E4: 13278.9 | G4: 13279 | I4: BLSR976 | J4: 412+85.00 | K4: 428+90.00 | M4: LT/RT | N4: 17067
A5: 0337 7 83 | B5: Asphalt Concrete Friction Course, Traffic C, FC-12.5, PG 76- 22 | D5: TN | E5: 1095.51 | G5: 1095.5 | I5: BLSR976 | J5: 412+85.00 | K5: 428+90.00 | M5: LT/RT | N5: 17067
A6: ...
A7: ...
A8: ...
Q10: Page 18 of 61
A11: 11/22/2024 2:38:12 PM

Sheet Page 19
A1: Summary of Drainage - 44600115201 | R1: Ir al Inice
A2: Pay Item Number | B2: Label | D2: Pay Item Description | E2: Units of Measure | F2: Quantity | H2: Total Quantity | J2: Location | O2: Design Notes | P2: Construction Remarks
F3: P | G3: F | H3: P | I3: F | J3: Alignment | K3: Begin Station | L3: End Station | M3: Side | N3: Element ID
A4: 0425 1451 | B4: S-5A | D4: INLETS, CURB, TYPE J-5, <10 | E4: EA | F4: 1 | H4: 1 | J4: CL SR 976 | K4: 418+30.33 | L4: 418+30.33 | M4: R
A5: 430175136 | B5: S-5A | D5: PIPE CULVERT,OPTIONAL MATERIAL,ROUND, 36"S/CD | E5: LF | F5: 25.0 | H5: 25 | J5: CL SR 976 | K5: 418+30 | L5: 418+55 | M5: R
A6: ...
A7: ...
A8: ...
Q10: Page 19 of 61
A11: 11/22/2024 2:38:12 PM

Sheet Page 20
A1: Summary of Utility Adjustments - 44600115201 | Q1: I a Indice
A2: Pay Item Number | B2: Pay Item Description | D2: Units of Measure | E2: Quantity | G2: Total Quantity | I2: Location | N2: Design Notes | O2: Construction Remarks
E3: P | F3: F | G3: P | H3: F | I3: Alignment | J3: Begin Station | K3: End Station | L3: Side | M3: Element ID
A4: 0425 5 | B4: Manhole, Adjust | D4: EA | E4: 1 | G4: 2 | I4: BLSR976 | J4: 420+47.70 | K4: 420+47.70 | L4: LT | M4: 14517
E5: 1 | I5: BLSR976 | J5: 426+63.63 | K5: 426+63.63 | L5: LT | M5: 14553
A6: ...
A7: ...
A8: ...
P10: Page 20 of 61
A11: 11/22/2024 2:38:12 PM

Sheet Page 21
A1: Summary of Curbs - 44600115201
A2: Pay Item Number | B2: Pay Item Description | D2: Units of Measure | E2: Quantity | G2: Total Quantity | I2: Location | N2: Design Notes | O2: Construction Remarks
E3: P | F3: F | G3: P | H3: F | I3: Alignment | J3: Begin Station | K3: End Station | L3: Side | M3: Element ID
A4: 0520 1 10 | B4: Concrete Curb & Gutter, Type F | D4: LF | E4: 30.2 | G4: 413 | I4: BLSR976 | J4: 412+73.99 | K4: 412+89.88 | L4: RT | M4: 15590 | N4: TO BE COLORED WITH CORAL GABLES BEIGE LAMBERT/SCOFIELD.
E5: 25.2 | I5: BLSR976 | J5: 413+29.81 | K5: 413+45.45 | L5: RT | M5: 15594 | N5: TO BE COLORED WITH CORAL GABLES BEIGE LAMBERT/SCOFIELD.
E6: 20.6 | I6: BLSR976 | J6: 415+70.10 | K6: 415+86.37 | L6: RT | M6: 18507 | N6: TO BE COLORED WITH CORAL GABLES BEIGE LAMBERT/SCOFIELD.
E7: 39.8 | I7: BLSR976 | J7: 416+57.14 | K7: 416+79.57 | L7: LT | M7: 15619 | N7: TO BE COLORED WITH CORAL GABLES BEIGE LAMBERT/SCOFIELD.
E8: 42.9 | I8: BLSR976 | J8: 417+02.99 | K8: 417+29.15 | L8: LT | M8: 15614 | N8: TO BE COLORED WITH CORAL GABLES BEIGE LAMBERT/SCOFIELD.
E9: 49.1 | I9: BLSR976 | J9: 418+32.87 | K9: 418+70.15 | L9: RT | M9: 17797 | N9: TO BE COLORED WITH CORAL GABLES BEIGE LAMBERT/SCOFIELD.
E10: 20.1 | I10: BLSR976 | J10: 419+01.76 | K10: 419+17.17 | L10: RT | M10: 18502 | N10: TO BE COLORED WITH CORAL GABLES BEIGE LAMBERT/SCOFIELD.
E11: 33.4 | I11: BLSR976 | J11: 421+25.34 | K11: 421+46.80 | L11: LT | M11: 9281 | N11: TO BE COLORED WITH CORAL GABLES BEIGE LAMBERT/SCOFIELD.
E12: 24.1 | I12: BLSR976 | J12: 421+41.89 | K12: 421+56.97 | L12: RT | M12: 15624 | N12: TO BE COLORED WITH CORAL GABLES BEIGE LAMBERT/SCOFIELD.
E13: 9.1 | I13: BLSR976 | J13: 422+20.20 | K13: 422+20.31 | L13: RT | M13: 15630 | N13: TO BE COLORED WITH CORAL GABLES BEIGE LAMBERT/SCOFIELD.
E14: 38.7 | I14: BLSR976 | J14: 422+22.98 | K14: 422+51.31 | L14: LT | M14: 15651 | N14: TO BE COLORED WITH CORAL GABLES BEIGE LAMBERT/SCOFIELD.
E15: 12.2 | I15: BLSR976 | J15: 422+32.13 | K15: 422+42.35 | L15: RT | M15: 15629 | N15: TO BE COLORED WITH CORAL GABLES BEIGE LAMBERT/SCOFIELD.
E16: 23.3 | I16: BLSR976 | J16: 426+65.75 | K16: 426+81.84 | L16: RT | M16: 15642
P18: Page 21 of 61
A19: 11/22/2024 2:38:12 PM

Sheet Page 22
A1: Summary of Curbs - 44600115201
A2: Pay Item Number | B2: Pay Item Description | D2: Units of Measure | E2: Quantity | G2: Total Quantity | I2: Location | N2: Design Notes | O2: Construction Remarks
E3: P | F3: F | G3: P | H3: F | I3: Alignment | J3: Begin Station | K3: End Station | L3: Side | M3: Element ID
E4: 27.2 | I4: BLSR976 | J4: 426+65.98 | K4: 426+79.68 | L4: LT | M4: 15638
E5: 16.8 | I5: BLSR976 | J5: 427+06.33 | K5: 427+20.65 | L5: RT | M5: 15645
A6: 0520 5 41 | B6: Traffic Separator, Concrete, Type IV, 4' Wide | D6: LF | E6: 12.0 | G6: 12 | I6: BLSR976 | J6: 421+22.19 | K6: 421+31.01 | L6: RT | M6: 17542 | N6: TO BE COLORED WITH CORAL GABLES BEIGE LAMBERT/SCOFIELD.
A7: ...
A8: ...
A9: ...
P11: Page 22 of 61
A12: 11/22/2024 2:38:12 PM

Sheet Page 23
A1: Summary of Curbs - 44600115202
A2: Pay Item Number | B2: Pay Item Description | D2: Units of Measure | E2: Quantity | G2: Total Quantity | I2: Location | N2: Design Notes | O2: Construction Remarks
E3: P | F3: F | G3: P | H3: F | I3: Alignment | J3: Begin Station | K3: End Station | L3: Side | M3: Element ID
A4: 0520 2 4 | B4: Concrete Curb, Type D | D4: LF | E4: 14.1 | G4: 28 | I4: BLSR976 | J4: 426+86.01 | K4: 426+96.60 | L4: LT/RT | M4: 17531
E5: 14.0 | I5: BLSR976 | J5: 426+86.09 | K5: 426+96.68 | L5: LT/RT | M5: 17521
A6: ...
A7: ...
A8: ...
P10: Page 23 of 61
A11: 11/22/2024 2:38:12 PM

Sheet Page 24
A1: Summary of Sidewalk and Detectable Warnings - 44600115201
A2: Pay Item Number | B2: Pay Item Description | D2: Units of Measure | E2: Quantity | G2: Total Quantity | I2: Location | N2: Design Notes | O2: Construction Remarks
E3: P | F3: F | G3: P | H3: F | I3: Alignment | J3: Begin Station | K3: End Station | L3: Side | M3: Element ID
A4: 0522 1 | B4: Sidewalk Concrete And Driveways, 4" Thick | D4: SY | E4: 3.6 | G4: 102 | I4: BLSR976 | J4: 413+31.89 | K4: 413+39.88 | L4: RT | M4: 15873 | N4: TO BE COLORED WITH CORAL GABLES BEIGE LAMBERT/SCOFIELD.
E5: 3.4 | I5: BLSR976 | J5: 416+27.09 | K5: 416+32.06 | L5: LT | M5: 2800 | N5: TO BE COLORED WITH CORAL GABLES BEIGE LAMBERT/SCOFIELD.
E6: 4.4 | I6: BLSR976 | J6: 416+35.82 | K6: 416+41.40 | L6: RT | M6: 2803 | N6: TO BE COLORED WITH CORAL GABLES BEIGE LAMBERT/SCOFIELD.
E7: 2.6 | I7: BLSR976 | J7: 417+31.03 | K7: 417+34.98 | L7: LT | M7: 2799 | N7: TO BE COLORED WITH CORAL GABLES BEIGE LAMBERT/SCOFIELD.
E8: 24.8 | I8: BLSR976 | J8: 418+17.41 | K8: 418+52.47 | L8: RT | M8: 17937 | N8: TO BE COLORED WITH CORAL GABLES BEIGE LAMBERT/SCOFIELD.
E9: 4.0 | I9: BLSR976 | J9: 419+49.59 | K9: 419+55.54 | L9: LT | M9: 2798 | N9: TO BE COLORED WITH CORAL GABLES BEIGE LAMBERT/SCOFIELD.
E10: 13.4 | I10: BLSR976 | J10: 420+79.81 | K10: 420+99.77 | L10: LT | M10: 2796 | N10: TO BE COLORED WITH CORAL GABLES BEIGE LAMBERT/SCOFIELD.
E11: 5.2 | I11: BLSR976 | J11: 421+36.21 | K11: 421+42.00 | L11: LT | M11: 2797 | N11: TO BE COLORED WITH CORAL GABLES BEIGE LAMBERT/SCOFIELD.
E12: 2.7 | I12: BLSR976 | J12: 423+53.85 | K12: 423+59.08 | L12: LT | M12: 15792 | N12: TO BE COLORED WITH CORAL GABLES BEIGE LAMBERT/SCOFIELD.
E13: 18.6 | I13: BLSR976 | J13: 423+77.45 | K13: 423+98.66 | L13: LT | M13: 2794
E14: 3.3 | I14: BLSR976 | J14: 424+76.54 | K14: 424+81.49 | L14: LT | M14: 15885
E15: 3.3 | I15: BLSR976 | J15: 424+99.09 | K15: 425+04.02 | L15: LT | M15: 15886
E16: 3.2 | I16: BLSR976 | J16: 425+70.13 | K16: 425+75.07 | L16: LT | M16: 15888
E17: 10.0 | I17: BLSR976 | J17: 426+05.08 | K17: 426+20.53 | L17: LT | M17: 2793
A18: 0522 2 | B18: Sidewalk Concrete And Driveways, 6" Thick | D18: SY | E18: 20.6 | G18: 332 | I18: BLSR976 | J18: 412+69.32 | K18: 412+87.89 | L18: RT | M18: 15693 | N18: TO BE COLORED WITH CORAL GABLES BEIGE LAMBERT/SCOFIELD.
P20: Page 24 of 61
A21: 11/22/2024 2:38:12 PM

Sheet Page 25
A1: Summary of Sidewalk and Detectable Warnings - 44600115201
A2: Pay Item Number | B2: Pay Item Description | D2: Units of Measure | E2: Quantity | G2: Total Quantity | I2: Location | N2: Design Notes | O2: Construction Remarks
E3: P | F3: F | G3: P | H3: F | I3: Alignment | J3: Begin Station | K3: End Station | L3: Side | M3: Element ID
E4: 20.2 | I4: BLSR976 | J4: 413+31.82 | K4: 413+56.25 | L4: RT | M4: 15702 | N4: TO BE COLORED WITH CORAL GABLES BEIGE LAMBERT/SCOFIELD.
E5: 3.9 | I5: BLSR976 | J5: 414+32.27 | K5: 414+37.14 | L5: RT | M5: 8907 | N5: TO BE COLORED WITH CORAL GABLES BEIGE LAMBERT/SCOFIELD.
E6: 9.0 | I6: BLSR976 | J6: 415+70.16 | K6: 415+84.25 | L6: RT | M6: 8908 | N6: TO BE COLORED WITH CORAL GABLES BEIGE LAMBERT/SCOFIELD.
E7: 29.6 | I7: BLSR976 | J7: 416+57.11 | K7: 416+77.58 | L7: LT | M7: 15718 | N7: TO BE COLORED WITH CORAL GABLES BEIGE LAMBERT/SCOFIELD.
E8: 20.5 | I8: BLSR976 | J8: 417+05.61 | K8: 417+29.14 | L8: LT | M8: 15729 | N8: TO BE COLORED WITH CORAL GABLES BEIGE LAMBERT/SCOFIELD.
E9: 17.1 | I9: BLSR976 | J9: 418+52.62 | K9: 418+68.16 | L9: RT | M9: 17938 | N9: TO BE COLORED WITH CORAL GABLES BEIGE LAMBERT/SCOFIELD.
E10: 4.4 | I10: BLSR976 | J10: 419+03.52 | K10: 419+12.12 | L10: RT | M10: 15736 | N10: TO BE COLORED WITH CORAL GABLES BEIGE LAMBERT/SCOFIELD.
E11: 1.7 | I11: BLSR976 | J11: 420+97.31 | K11: 421+02.32 | L11: RT | M11: 8911 | N11: TO BE COLORED WITH CORAL GABLES BEIGE LAMBERT/SCOFIELD.
E12: 35.0 | I12: BLSR976 | J12: 421+20.36 | K12: 421+44.70 | L12: LT | M12: 8924 | N12: 1. ADJUST WATER METER. 2. TO BE COLORED WITH CORAL GABLES BEIGE LAMBERT/SCOFIELD.
E13: 29.7 | I13: BLSR976 | J13: 421+25.34 | K13: 421+55.40 | L13: RT | M13: 8936 | N13: TO BE COLORED WITH CORAL GABLES BEIGE LAMBERT/SCOFIELD.
E14: 1.7 | I14: BLSR976 | J14: 421+90.05 | K14: 421+93.38 | L14: LT | M14: 8912 | N14: TO BE COLORED WITH CORAL GABLES BEIGE LAMBERT/SCOFIELD.
P16: Page 25 of 61
A17: 11/22/2024 2:38:12 PM

Sheet Page 26
A1: Summary of Sidewalk and Detectable Warnings - 44600115201
A2: Pay Item Number | B2: Pay Item Description | D2: Units of Measure | E2: Quantity | G2: Total Quantity | I2: Location | N2: Design Notes | O2: Construction Remarks
E3: P | F3: F | G3: P | H3: F | I3: Alignment | J3: Begin Station | K3: End Station | L3: Side | M3: Element ID
E4: 30.8 | I4: BLSR976 | J4: 422+21.68 | K4: 422+45.17 | L4: RT | M4: 8991 | N4: TO BE COLORED WITH CORAL GABLES BEIGE LAMBERT/SCOFIELD.
E5: 32.4 | I5: BLSR976 | J5: 422+24.16 | K5: 422+51.31 | L5: LT | M5: 8973 | N5: TO BE COLORED WITH CORAL GABLES BEIGE LAMBERT/SCOFIELD.
E6: 2.7 | I6: BLSR976 | J6: 422+44.47 | K6: 422+48.43 | L6: RT | M6: 8953 | N6: TO BE COLORED WITH CORAL GABLES BEIGE LAMBERT/SCOFIELD.
E7: 4.4 | I7: BLSR976 | J7: 422+44.84 | K7: 422+54.71 | L7: RT | M7: 8954 | N7: TO BE COLORED WITH CORAL GABLES BEIGE LAMBERT/SCOFIELD.
E8: 11.7 | I8: BLSR976 | J8: 422+55.75 | K8: 422+70.61 | L8: RT | M8: 8955 | N8: TO BE COLORED WITH CORAL GABLES BEIGE LAMBERT/SCOFIELD.
E9: 5.6 | I9: BLSR976 | J9: 422+59.29 | K9: 422+69.17 | L9: RT | M9: 8956 | N9: TO BE COLORED WITH CORAL GABLES BEIGE LAMBERT/SCOFIELD.
E10: 5.5 | I10: BLSR976 | J10: 423+35.04 | K10: 423+45.46 | L10: RT | M10: 8957 | N10: TO BE COLORED WITH CORAL GABLES BEIGE LAMBERT/SCOFIELD.
E11: 28.8 | I11: BLSR976 | J11: 426+61.83 | K11: 426+81.06 | L11: RT | M11: 15811
E12: 9.2 | I12: BLSR976 | J12: 426+65.99 | K12: 426+77.12 | L12: LT | M12: 15793
E13: 7.2 | I13: BLSR976 | J13: 427+07.41 | K13: 427+22.34 | L13: RT | M13: 15802
A14: 0527 2 | B14: Detectable Warnings | D14: SF | E14: 13.1 | G14: 296 | I14: BLSR976 | J14: 412+78.95 | K14: 412+80.87 | L14: RT | M14: 18466
E15: 14.0 | I15: BLSR976 | J15: 412+80.91 | K15: 412+87.90 | L15: RT | M15: 18474
E16: 15.0 | I16: BLSR976 | J16: 413+31.84 | K16: 413+39.31 | L16: RT | M16: 18479
E17: 13.0 | I17: BLSR976 | J17: 413+39.30 | K17: 413+41.29 | L17: RT | M17: 18485
E18: 9.5 | I18: BLSR976 | J18: 415+79.19 | K18: 415+81.09 | L18: RT | M18: 8863
E19: 10.0 | I19: BLSR976 | J19: 416+69.92 | K19: 416+74.64 | L19: LT | M19: 18491
E20: 10.0 | I20: BLSR976 | J20: 417+08.34 | K20: 417+13.12 | L20: LT | M20: 18490
E21: 12.5 | I21: BLSR976 | J21: 418+57.56 | K21: 418+59.54 | L21: RT | M21: 18493
E22: 16.0 | I22: BLSR976 | J22: 418+60.06 | K22: 418+68.11 | L22: RT | M22: 18492
E23: 8.0 | I23: BLSR976 | J23: 419+07.14 | K23: 419+09.11 | L23: RT | M23: 18494
E24: 24.6 | I24: BLSR976 | J24: 421+33.55 | K24: 421+43.35 | L24: LT | M24: 17952
P26: Page 26 of 61
A27: 11/22/2024 2:38:12 PM

Sheet Page 27
A1: Summary of Sidewalk and Detectable Warnings - 44600115201
A2: Pay Item Number | B2: Pay Item Description | D2: Units of Measure | E2: Quantity | G2: Total Quantity | I2: Location | N2: Design Notes | O2: Construction Remarks
E3: P | F3: F | G3: P | H3: F | I3: Alignment | J3: Begin Station | K3: End Station | L3: Side | M3: Element ID
E4: 33.0 | I4: BLSR976 | J4: 421+41.78 | K4: 421+54.41 | L4: RT | M4: 8892
E5: 11.1 | I5: BLSR976 | J5: 422+21.70 | K5: 422+23.56 | L5: RT | M5: 15784
E6: 28.6 | I6: BLSR976 | J6: 422+27.73 | K6: 422+39.44 | L6: LT | M6: 17947
E7: 12.0 | I7: BLSR976 | J7: 422+33.47 | K7: 422+39.50 | L7: RT | M7: 8875
E8: 8.1 | I8: BLSR976 | J8: 423+41.82 | K8: 423+45.15 | L8: RT | M8: 8887
E9: 10.6 | I9: BLSR976 | J9: 423+55.28 | K9: 423+57.50 | L9: LT | M9: 15791
E10: 10.7 | I10: BLSR976 | J10: 423+79.12 | K10: 423+81.34 | L10: LT | M10: 15790
E11: 12.0 | I11: BLSR976 | J11: 426+71.21 | K11: 426+76.81 | L11: RT | M11: 15818
E12: 14.5 | I12: BLSR976 | J12: 426+73.26 | K12: 426+77.08 | L12: LT | M12: 15822
E13: 9.4 | I13: BLSR976 | J13: 427+13.66 | K13: 427+15.59 | L13: RT | M13: 15819
A14: ...
A15: ...
A16: ...
P18: Page 27 of 61
A19: 11/22/2024 2:38:12 PM

Sheet Page 28
A1: Summary of Sidewalk and Detectable Warnings - 44600115202
A2: Pay Item Number | B2: Pay Item Description | D2: Units of Measure | E2: Quantity | G2: Total Quantity | I2: Location | N2: Design Notes | O2: Construction Remarks
E3: P | F3: F | G3: P | H3: F | I3: Alignment | J3: Begin Station | K3: End Station | L3: Side | M3: Element ID
A4: 0522 1 | B4: Sidewalk Concrete And Driveways, 4" Thick | D4: SY | E4: 3.2 | G4: 10 | I4: BLSR976 | J4: 424+19.07 | K4: 424+24.01 | L4: RT | M4: 2795
E5: 3.1 | I5: BLSR976 | J5: 424+49.76 | K5: 424+54.69 | L5: LT | M5: 8862
E6: 3.3 | I6: BLSR976 | J6: 428+30.23 | K6: 428+35.18 | L6: LT | M6: 2791
A7: 0522 2 | B7: Sidewalk Concrete And Driveways, 6" Thick | D7: SY | E7: 3.9 | G7: 4 | I7: BLSR976 | J7: 426+86.70 | K7: 426+95.99 | L7: LT/RT | M7: 17500
A8: ...
A9: ...
A10: ...
P12: Page 28 of 61
A13: 11/22/2024 2:38:12 PM

Sheet Page 29
A1: Summary of Performance Turf - 44600115201
A2: Pay Item Number | B2: Pay Item Description | D2: Units of Measure | E2: Length (FT) | F2: Width (FT) | G2: Quantity | I2: Total Quantity | K2: Location | P2: Design Notes | Q2: Construction Remarks
G3: P | H3: F | I3: P | J3: F | K3: Alignment | L3: Begin Station | M3: End Station | N3: Side | O3: Element ID
A4: 0570 1 2 | B4: Performance Turf, Sod | D4: SY | G4: 2.4 | I4: 108 | K4: BLSR976 | L4: 412+72.51 | M4: 412+76.43 | N4: RT | O4: 16042
G5: 1.8 | K5: BLSR976 | L5: 413+17.68 | M5: 413+21.65 | N5: RT | O5: 12189
G6: 1.8 | K6: BLSR976 | L6: 416+04.15 | M6: 416+08.12 | N6: RT | O6: 12188
G7: 1.8 | K7: BLSR976 | L7: 416+83.72 | M7: 416+87.69 | N7: RT | O7: 15890
G8: 1.8 | K8: BLSR976 | L8: 417+31.52 | M8: 417+35.49 | N8: RT | O8: 12187
G9: 2.9 | K9: BLSR976 | L9: 418+93.85 | M9: 418+97.77 | N9: RT | O9: 15891
G10: 6.1 | K10: BLSR976 | L10: 422+22.02 | M10: 422+30.31 | N10: RT | O10: 15922
G11: 12.4 | K11: BLSR976 | L11: 422+22.31 | M11: 422+33.38 | N11: RT | O11: 15923
G12: 52.8 | K12: BLSR976 | L12: 422+39.94 | M12: 422+72.66 | N12: RT | O12: 20092
G13: 1.8 | K13: BLSR976 | L13: 422+83.22 | M13: 422+87.19 | N13: RT | O13: 12161
G14: 5.3 | K14: BLSR976 | L14: 422+84.11 | M14: 422+97.98 | N14: RT | O14: 12155
G15: 1.8 | K15: BLSR976 | L15: 423+04.97 | M15: 423+08.94 | N15: RT | O15: 15917
G16: 2.8 | K16: BLSR976 | L16: 423+35.06 | M16: 423+42.32 | N16: RT | O16: 15901
... G19: 9.7 | K19: BLSR976 | L19: 426+66.99 | M19: 426+80.37 | N19: LT | O19: 15892
A20: ...
A21: ...
A22: ...
R24: Page 29 of 61
A25: 11/22/2024 2:38:12 PM

Sheet Page 30
A1: Summary of Landscape Items - 44600115201
A2: Pay Item Number | B2: Label | D2: Pay Item Description | E2: Max. Maint. Size | F2: Units of Measure | G2: Quantity | I2: Total Quantity | K2: Secondary Quantity | N2: Location | P2: Design Notes | Q2: Construction Remarks
G3: P | H3: F | I3: P | J3: F | K3: Units | L3: P | M3: F | N3: Site No. | O3: Location Description
A4: 58011 | D4: LANDSCAPE COMPLETE- SMALL PLANTS | F4: LS | G4: 1 | I4: 1
B5: FIC | D5: Ficus microcarpa, Green Island Ficus, 3Gal | E5: 12"x12" | F5: EA | L5: 12.0 | N5: 10 | O5: Pull box and Curb Modification
L6: 18.0 | N6: 11 | O6: Sign Modification
A7: ...
A8: ...
A9: ...
R11: Page 30 of 61
A12: 11/22/2024 2:38:12 PM

Sheet Page 31
A1: Summary of Signalization Items - 44600115201 | Q1: Ir a Indice
A2: Pay Item Number | B2: Pay Item Description | D2: Units of Measure | E2: Quantity | G2: Total Quantity | I2: Location | N2: Design Notes | O2: Construction Remarks
E3: P | F3: F | G3: P | H3: F | I3: Alignment | J3: Begin Station | K3: End Station | L3: Side | M3: Element ID
A4: 0630 2 12 | B4: Conduit, Furnish & Install, Directional Bore | D4: LF | E4: 8.7 | G4: 673 | I4: BLSR976 | J4: 421+23.03 | K4: 421+29.64 | L4: LT | M4: 9426
E5: 4.4 | I5: BLSR976 | J5: 421+23.06 | K5: 421+27.38 | L5: LT | M5: 4663
E6: 32.9 | I6: BLSR976 | J6: 421+23.06 | K6: 421+40.82 | L6: LT | M6: 4520
E7: 27.7 | I7: BLSR976 | J7: 421+28.85 | K7: 421+50.41 | L7: RT | M7: 3766
E8: 4.6 | I8: BLSR976 | J8: 421+29.38 | K8: 421+31.55 | L8: LT | M8: 4519
E9: 121.2 | I9: BLSR976 | J9: 421+29.71 | K9: 422+49.09 | L9: LT | M9: 4523
E10: 10.9 | I10: BLSR976 | J10: 421+29.90 | K10: 421+40.63 | L10: RT | M10: 4256
E11: 2.1 | I11: BLSR976 | J11: 421+37.25 | K11: 421+38.32 | L11: LT | M11: 4521
E12: 9.6 | I12: BLSR976 | J12: 421+45.70 | K12: 421+53.08 | L12: RT | M12: 4258
E13: 3.1 | I13: BLSR976 | J13: 421+46.74 | K13: 421+49.44 | L13: RT | M13: 9427
E14: 3 | I14: BLSR976 | J14: 421+47.70 | K14: 421+49.40 | L14: RT | M14: 3765
E15: 100.3 | I15: BLSR976 | J15: 421+52.96 | K15: 422+47.99 | L15: RT | M15: 3777
E16: 43.3 | I16: BLSR976 | J16: 422+25.70 | K16: 422+49.04 | L16: LT | M16: 4255
... E34: 21.1 | I34: BLSR976 | J34: 422+68.32 | K34: 422+72.14 | L34: RT | M34: 3785
P36: Page 31 of 61
A37: 11/22/2024 2:38:12 PM

Sheet Page 32
A1: Summary of Signalization Items - 44600115201 | Q1: Ir a Indice
A2: Pay Item Number | B2: Pay Item Description | D2: Units of Measure | E2: Quantity | G2: Total Quantity | I2: Location | N2: Design Notes | O2: Construction Remarks
E3: P | F3: F | G3: P | H3: F | I3: Alignment | J3: Begin Station | K3: End Station | L3: Side | M3: Element ID
A4: 0632 7 1 | B4: Signal Cable, New Or Reconstructed Intersection, Furnish & Install | D4: PI | E4: 1 | G4: 1 | I4: BLSR976 | J4: 422+62.76 | K4: 422+62.76 | L4: RT | M4: 5249
A5: 0632 7 6 | B5: Signal Cable, Remove - Intersection | D5: PI | E5: 1 | G5: 1 | I5: BLSR976 | J5: 422+62.76 | K5: 422+62.76 | L5: RT | M5: 5253
A6: 0635 2 11 | B6: Pull & Splice Box, F&I, 13 X 24 Cover Size | D6: EA | E6: 1 | G6: 35 | I6: BLSR976 | J6: 412+75.07 | K6: 412+75.07 | L6: RT | M6: 8574 | N6: Incidental to Sidewalk Work
E7: 1 | I7: BLSR976 | J7: 413+42.36 | K7: 413+42.36 | L7: RT | M7: 8589 | N7: Incidental to Sidewalk Work
E8: 1 | I8: BLSR976 | J8: 418+37.44 | K8: 418+37.44 | L8: RT | M8: 9336 | N8: Incidental to Sidewalk Work
E9: 1 | I9: BLSR976 | J9: 421+22.98 | K9: 421+22.98 | L9: LT | M9: 4512
E10: 1 | I10: BLSR976 | J10: 421+28.78 | K10: 421+28.78 | L10: RT | M10: 3867
E11: 1 | I11: BLSR976 | J11: 421+29.50 | K11: 421+29.50 | L11: LT | M11: 4498
E12: 1 | I12: BLSR976 | J12: 421+31.63 | K12: 421+31.63 | L12: LT | M12: 4505
E13: 1 | I13: BLSR976 | J13: 421+37.23 | K13: 421+37.23 | L13: LT | M13: 4491
E14: 1 | I14: BLSR976 | J14: 421+45.66 | K14: 421+45.66 | L14: RT | M14: 3881
E15: 1 | I15: BLSR976 | J15: 421+50.50 | K15: 421+50.50 | L15: RT | M15: 3874
E16: 1 | I16: BLSR976 | J16: 421+53.14 | K16: 421+53.14 | L16: RT | M16: 3888
E17: 1 | I17: BLSR976 | J17: 422+26.25 | K17: 422+26.25 | L17: LT | M17: 3896
E18: 1 | I18: BLSR976 | J18: 422+29.63 | K18: 422+29.63 | L18: RT | M18: 4643
E19: 1 | I19: BLSR976 | J19: 422+30.69 | K19: 422+30.69 | L19: LT | M19: 3903
E20: 1 | I20: BLSR976 | J20: 422+30.69 | K20: 422+30.69 | L20: LT | M20: 3910
... E31: 1 | I31: BLSR976 | J31: 422+52.15 | K31: 422+52.15 | L31: RT | M31: 3968
P33: Page 32 of 61
A34: 11/22/2024 2:38:12 PM

Sheet Page 33
A1: Summary of Signalization Items - 44600115201 | Q1: Ir a Indice
A2: Pay Item Number | B2: Pay Item Description | D2: Units of Measure | E2: Quantity | G2: Total Quantity | I2: Location | N2: Design Notes | O2: Construction Remarks
E3: P | F3: F | G3: P | H3: F | I3: Alignment | J3: Begin Station | K3: End Station | L3: Side | M3: Element ID
E4: 1 | I4: BLSR976 | J4: 422+57.71 | K4: 422+57.71 | L4: RT | M4: 3991
E5: 1 | I5: BLSR976 | J5: 422+57.71 | K5: 422+57.71 | L5: RT | M5: 3998
E6: 1 | I6: BLSR976 | J6: 422+60.17 | K6: 422+60.17 | L6: RT | M6: 4005
E7: 1 | I7: BLSR976 | J7: 422+60.77 | K7: 422+60.77 | L7: RT | M7: 4034
E8: 1 | I8: BLSR976 | J8: 422+62.76 | K8: 422+62.76 | L8: RT | M8: 4012
E9: 1 | I9: BLSR976 | J9: 422+63.35 | K9: 422+63.35 | L9: RT | M9: 4041
E10: 1 | I10: BLSR976 | J10: 422+65.34 | K10: 422+65.34 | L10: RT | M10: 4019
E11: 1 | I11: BLSR976 | J11: 422+67.27 | K11: 422+67.27 | L11: RT | M11: 4048
E12: 1 | I12: BLSR976 | J12: 422+68.68 | K12: 422+68.68 | L12: RT | M12: 4026
A13: 0635 2 12 | B13: Pull & Splice Box, F&I, 24 X 36 Cover Size | D13: EA | E13: 1 | G13: 1 | I13: BLSR976 | J13: 422+68.68 | K13: 422+68.68 | L13: RT | M13: 4299
A14: 0639 1122 | B14: Electrical Power Service, F&I, Underground, Meter Furnished By Contractor | D14: AS | E14: 1 | G14: 1 | I14: BLSR976 | J14: 422+61.44 | K14: 422+61.44 | L14: RT | M14: 5283
A15: 0639 2 1 | B15: Electrical Service Wire, Furnish & Install | D15: LF | E15: 118.3 | G15: 118 | I15: BLSR976 | J15: 422+50.21 | K15: 422+72.15 | L15: LT/RT | M15: 5289
A16: 0639 2 6 | B16: Electrical Service Wire, Remove | D16: LF | E16: 90.1 | G16: 90 | I16: BLSR976 | J16: 422+50.21 | K16: 422+65.10 | L16: LT/RT | M16: 15289
A17: 0641 2 12 | B17: Prestressed Concrete Pole, F&I, Type P-II Service Pole | D17: EA | E17: 1 | G17: 1 | I17: BLSR976 | J17: 422+61.44 | K17: 422+61.44 | L17: RT | M17: 4309
A18: 0641 2 60 | B18: Prestressed Concrete Pole, Complete Pole Removal - Pedestal/Service Pole | D18: EA | E18: 1 | G18: 1 | I18: BLSR976 | J18: 422+64.60 | K18: 422+64.60 | L18: RT | M18: 5281
A19: 0646 1 11 | B19: Aluminum Signals Pole, Furnish & Install, Pedestal | D19: EA | E19: 1 | G19: 8 | I19: BLSR976 | J19: 421+27.31 | K19: 421+27.31 | L19: LT | M19: 5193
E20: 1 | I20: BLSR976 | J20: 421+38.34 | K20: 421+38.34 | L20: LT | M20: 5187
E21: 1 | I21: BLSR976 | J21: 421+40.71 | K21: 421+40.71 | L21: RT | M21: 5157
E22: 1 | I22: BLSR976 | J22: 421+47.65 | K22: 421+47.65 | L22: RT | M22: 5142
E23: 1 | I23: BLSR976 | J23: 422+31.04 | K23: 422+31.04 | L23: RT | M23: 5163
E24: 1 | I24: BLSR976 | J24: 422+32.86 | K24: 422+32.86 | L24: RT | M24: 5169
E25: 1 | I25: BLSR976 | J25: 422+34.64 | K25: 422+34.64 | L25: LT | M25: 5175
E26: 1 | I26: BLSR976 | J26: 422+40.57 | K26: 422+40.57 | L26: LT | M26: 5181
A27: 0646 1 60 | B27: Aluminum Signals Pole, Remove | D27: EA | E27: 1 | G27: 4 | I27: BLSR976 | J27: 421+32.37 | K27: 421+32.37 | L27: RT | M27: 5140
E28: 1 | I28: BLSR976 | J28: 421+37.66 | K28: 421+37.66 | L28: LT | M28: 5134
E29: 1 | I29: BLSR976 | J29: 422+29.40 | K29: 422+29.40 | L29: RT | M29: 5138
E30: 1 | I30: BLSR976 | J30: 422+39.74 | K30: 422+39.74 | L30: LT | M30: 5136
A31: 0653 1 11 | B31: Pedestrian Signal, Furnish & Install Led Countdown, 1 Way | D31: AS | E31: 1 | G31: 8 | I31: BLSR976 | J31: 421+27.31 | K31: 421+27.31 | L31: LT | M31: 4552
E32: 1 | I32: BLSR976 | J32: 421+38.32 | K32: 421+38.32 | L32: LT | M32: 4528
E33: 1 | I33: BLSR976 | J33: 421+40.71 | K33: 421+40.71 | L33: RT | M33: 4674
P35: Page 33 of 61
A36: 11/22/2024 2:38:12 PM

Sheet Page 34
A1: Summary of Signalization Items - 44600115201 | Q1: Ir a Indice
A2: Pay Item Number | B2: Pay Item Description | D2: Units of Measure | E2: Quantity | G2: Total Quantity | I2: Location | N2: Design Notes | O2: Construction Remarks
E3: P | F3: F | G3: P | H3: F | I3: Alignment | J3: Begin Station | K3: End Station | L3: Side | M3: Element ID
E4: 1 | I4: BLSR976 | J4: 421+47.65 | K4: 421+47.65 | L4: RT | M4: 4664
E5: 1 | I5: BLSR976 | J5: 422+31.04 | K5: 422+31.04 | L5: RT | M5: 4562
E6: 1 | I6: BLSR976 | J6: 422+32.86 | K6: 422+32.86 | L6: RT | M6: 4572
E7: 1 | I7: BLSR976 | J7: 422+34.64 | K7: 422+34.64 | L7: LT | M7: 4592
E8: 1 | I8: BLSR976 | J8: 422+40.57 | K8: 422+40.57 | L8: LT | M8: 4582
A9: 0653 1 60 | B9: Pedestrian Signal, Remove Ped Signal- Pole/Pedestal To Remain | D9: AS | E9: 1 | G9: 4 | I9: BLSR976 | J9: 421+30.58 | K9: 421+30.58 | L9: LT | M9: 5080
E10: 1 | I10: BLSR976 | J10: 421+47.89 | K10: 421+47.89 | L10: RT | M10: 5089
E11: 1 | I11: BLSR976 | J11: 422+32.73 | K11: 422+32.73 | L11: LT | M11: 5071
E12: 1 | I12: BLSR976 | J12: 422+41.68 | K12: 422+41.68 | L12: RT | M12: 5021
A13: 0660 4 11 | B13: Vehicle Detection System - Video, Furnish & Install, Cabinet Equipment | D13: EA | E13: 4 | G13: 4 | I13: BLSR976 | J13: 422+62.76 | K13: 422+62.76 | L13: RT | M13: 4311
A14: 0660 4 12 | B14: Vehicle Detection System - Video, Furnish & Install, Above Ground Equipment | D14: EA | E14: 1 | G14: 4 | I14: BLSR976 | J14: 421+32.63 | K14: 421+32.63 | L14: LT | M14: 4176
E15: 1 | I15: BLSR976 | J15: 421+88.58 | K15: 421+88.58 | L15: RT | M15: 4194
E16: 1 | I16: BLSR976 | J16: 421+99.00 | K16: 421+99.00 | L16: LT | M16: 4206
E17: 1 | I17: BLSR976 | J17: 422+42.41 | K17: 422+42.41 | L17: RT | M17: 4182
A18: 0665 1 12 | B18: Pedestrian Detector, Furnish & Install, Accessible | D18: EA | E18: 1 | G18: 8 | I18: BLSR976 | J18: 421+27.31 | K18: 421+27.31 | L18: LT | M18: 5195
E19: 1 | I19: BLSR976 | J19: 421+38.34 | K19: 421+38.34 | L19: LT | M19: 5189
E20: 1 | I20: BLSR976 | J20: 421+40.71 | K20: 421+40.71 | L20: RT | M20: 5159
E21: 1 | I21: BLSR976 | J21: 421+47.65 | K21: 421+47.65 | L21: RT | M21: 5153
E22: 1 | I22: BLSR976 | J22: 422+31.04 | K22: 422+31.04 | L22: RT | M22: 5165
E23: 1 | I23: BLSR976 | J23: 422+32.86 | K23: 422+32.86 | L23: RT | M23: 5171
E24: 1 | I24: BLSR976 | J24: 422+34.64 | K24: 422+34.64 | L24: LT | M24: 5177
E25: 1 | I25: BLSR976 | J25: 422+40.57 | K25: 422+40.57 | L25: LT | M25: 5183
A26: 0665 1 60 | B26: Pedestrian Detector, Remove - Pole/Pedestal To Remain | D26: EA | E26: 1 | G26: 2 | I26: BLSR976 | J26: 421+30.58 | K26: 421+30.58 | L26: LT | M26: 5130
E27: 1 | I27: BLSR976 | J27: 422+41.68 | K27: 422+41.68 | L27: RT | M27: 5122
A28: 0670 5140 | B28: Traffic Controller Assembly, F&I, Model 2070 | D28: AS | E28: 1 | G28: 1 | I28: BLSR976 | J28: 422+62.76 | K28: 422+62.76 | L28: RT | M28: 3502
A29: 0670 5600 | B29: Traffic Controller Assembly, Remove, Controller And Cabinet | D29: AS | E29: 1 | G29: 1 | I29: BLSR976 | J29: 422+50.44 | K29: 422+50.44 | L29: RT | M29: 5265
A30: 0684 90102 | B30: Network Device, Cellular Modem | D30: EA | E30: 1 | G30: 1 | I30: BLSR976 | J30: 422+62.76 | K30: 422+62.76 | L30: RT | M30: 120015
A31: 0700 3201 | B31: Sign Panel, Furnish & Install Overhead Mount, Up To 12 SF | D31: EA | E31: 1 | G31: 3 | I31: BLSR976 | J31: 421+36.50 | K31: 421+36.50 | L31: LT | M31: 9295
E32: 1 | I32: BLSR976 | J32: 422+09.90 | K32: 422+09.90 | L32: LT | M32: 8094
P34: Page 34 of 61
A35: 11/22/2024 2:38:12 PM

Sheet Page 35
A1: Summary of Signalization Items - 44600115201 | Q1: Ir a Indice
A2: Pay Item Number | B2: Pay Item Description | D2: Units of Measure | E2: Quantity | G2: Total Quantity | I2: Location | N2: Design Notes | O2: Construction Remarks
E3: P | F3: F | G3: P | H3: F | I3: Alignment | J3: Begin Station | K3: End Station | L3: Side | M3: Element ID
E4: 1 | I4: BLSR976 | J4: 422+46.46 | K4: 422+46.46 | L4: RT | M4: 8054
A5: 0700 3601 | B5: Sign Panel, Remove, Up To 12 SF | D5: EA | E5: 1 | G5: 4 | I5: BLSR976 | J5: 421+34.74 | K5: 421+34.74 | L5: LT | M5: 8254
E6: 1 | I6: BLSR976 | J6: 421+36.50 | K6: 421+36.50 | L6: LT | M6: 8214
E7: 1 | I7: BLSR976 | J7: 422+45.85 | K7: 422+45.85 | L7: RT | M7: 8294
E8: 1 | I8: BLSR976 | J8: 422+46.46 | K8: 422+46.46 | L8: RT | M8: 8174
A9: ...
A10: ...
A11: ...
P13: Page 35 of 61
A14: 11/22/2024 2:38:12 PM

Sheet Page 36
A1: Summary of Signalization Items - 44600115202 | Q1: Ir a Indice
A2: Pay Item Number | B2: Pay Item Description | D2: Units of Measure | E2: Quantity | G2: Total Quantity | I2: Location | N2: Design Notes | O2: Construction Remarks
E3: P | F3: F | G3: P | H3: F | I3: Alignment | J3: Begin Station | K3: End Station | L3: Side | M3: Element ID
A4: 0650 1 14 | B4: Vehicular Traffic Signal, Furnish & Install Aluminum, 3 Section, 1 Way | D4: AS | E4: 1 | G4: 3 | I4: BLSR976 | J4: 421+31.97 | K4: 421+31.97 | L4: LT | M4: 2773
E5: 1 | I5: BLSR976 | J5: 422+10.06 | K5: 422+10.06 | L5: LT | M5: 2917
E6: 1 | I6: BLSR976 | J6: 422+42.04 | K6: 422+42.04 | L6: RT | M6: 2479
A7: 0650 1 18 | B7: Vehicular Traffic Signal, Furnish & Install Aluminum, 5 Section Straight, 1 Way | D7: AS | E7: 1 | G7: 6 | I7: BLSR976 | J7: 421+32.72 | K7: 421+32.72 | L7: RT | M7: 2843
E8: 1 | I8: BLSR976 | J8: 421+67.52 | K8: 421+67.52 | L8: RT | M8: 2105
E9: 1 | I9: BLSR976 | J9: 421+87.10 | K9: 421+87.10 | L9: RT | M9: 2331
E10: 1 | I10: BLSR976 | J10: 421+98.90 | K10: 421+98.90 | L10: LT | M10: 2697
E11: 1 | I11: BLSR976 | J11: 422+41.59 | K11: 422+41.59 | L11: RT | M11: 2405
E12: 1 | I12: BLSR976 | J12: 422+42.65 | K12: 422+42.65 | L12: RT | M12: 2549
A13: 0650 1 60 | B13: Vehicular Traffic Signal, Remove- Poles To Remain | D13: AS | E13: 1 | G13: 9 | I13: BLSR976 | J13: 421+32.01 | K13: 421+32.01 | L13: LT | M13: 4853
E14: 1 | I14: BLSR976 | J14: 421+32.76 | K14: 421+32.76 | L14: RT | M14: 4835
E15: 1 | I15: BLSR976 | J15: 421+67.56 | K15: 421+67.56 | L15: RT | M15: 4961
E16: 1 | I16: BLSR976 | J16: 421+87.14 | K16: 421+87.14 | L16: RT | M16: 4943
E17: 1 | I17: BLSR976 | J17: 422+00.30 | K17: 422+00.30 | L17: LT | M17: 4817
E18: 1 | I18: BLSR976 | J18: 422+10.12 | K18: 422+10.12 | L18: LT | M18: 4871
E19: 1 | I19: BLSR976 | J19: 422+41.63 | K19: 422+41.63 | L19: RT | M19: 4925
E20: 1 | I20: BLSR976 | J20: 422+42.08 | K20: 422+42.08 | L20: RT | M20: 4907
E21: 1 | I21: BLSR976 | J21: 422+42.65 | K21: 422+42.65 | L21: RT | M21: 4889
A22: ...
A23: ...
A24: ...
P26: Page 36 of 61
A27: 11/22/2024 2:38:12 PM

Sheet Page 37
A1: Summary of Signing and Pavement Marking - 44600115201
A2: Pay Item Number | B2: Pay Item Description | D2: Units of Measure | E2: Quantity | G2: Total Quantity | I2: Location | N2: Design Notes | O2: Construction Remarks
E3: P | F3: F | G3: P | H3: F | I3: Alignment | J3: Begin Station | K3: End Station | L3: Side | M3: Element ID
A4: 0700 1111 | B4: Single Column Ground Sign Assembly, F&I Ground Mount, Less Than 12 SF | D4: EA | E4: 1 | G4: 18 | I4: BLSR976 | J4: 412+74.47 | K4: 412+74.47 | L4: RT | M4: 22128
E5: 1 | I5: BLSR976 | J5: 413+19.67 | K5: 413+19.67 | L5: RT | M5: 20473
E6: 1 | I6: BLSR976 | J6: 414+33.95 | K6: 414+33.95 | L6: RT | M6: 2077
E7: 1 | I7: BLSR976 | J7: 416+22.73 | K7: 416+22.73 | L7: RT | M7: 2028
E8: 1 | I8: BLSR976 | J8: 416+27.44 | K8: 416+27.44 | L8: LT | M8: 2068
E9: 1 | I9: BLSR976 | J9: 416+40.58 | K9: 416+40.58 | L9: RT | M9: 2032
E10: 1 | I10: BLSR976 | J10: 416+85.79 | K10: 416+85.79 | L10: RT | M10: 2074
E11: 1 | I11: BLSR976 | J11: 417+33.74 | K11: 417+33.74 | L11: LT | M11: 2062
E12: 1 | I12: BLSR976 | J12: 417+33.81 | K12: 417+33.81 | L12: RT | M12: 2035
E13: 1 | I13: BLSR976 | J13: 419+52.54 | K13: 419+52.54 | L13: LT | M13: 2059
E14: 1 | I14: BLSR976 | J14: 421+40.85 | K14: 421+40.85 | L14: LT | M14: 3503
E15: 1 | I15: BLSR976 | J15: 421+51.54 | K15: 421+51.54 | L15: RT | M15: 2038
E16: 1 | I16: BLSR976 | J16: 422+85.13 | K16: 422+85.13 | L16: RT | M16: 2041
... E21: 1 | I21: BLSR976 | J21: 425+72.44 | K21: 425+72.44 | L21: LT | M21: 20938
A22: 0700 1112 | B22: Single Column Ground Sign Assembly, F&I Ground Mount, 12.0- 20.0 SF | D22: EA | E22: 1 | G22: 3 | I22: BLSR976 | J22: 413+36.50 | K22: 413+36.50 | L22: RT | M22: 21219
E23: 1 | I23: BLSR976 | J23: 416+06.33 | K23: 416+06.33 | L23: RT | M23: 17509
E24: 1 | I24: BLSR976 | J24: 416+75.51 | K24: 416+75.51 | L24: LT | M24: 20368
A25: 0700 1600 | B25: Single Column Ground Sign Assembly, Remove | D25: EA | E25: 1 | G25: 14 | I25: BLSR976 | J25: 413+19.69 | K25: 413+19.69 | L25: RT | M25: 1974
E26: 1 | I26: BLSR976 | J26: 413+36.50 | K26: 413+36.50 | L26: RT | M26: 1957
E27: 1 | I27: BLSR976 | J27: 414+33.96 | K27: 414+33.96 | L27: RT | M27: 1986
E28: 1 | I28: BLSR976 | J28: 416+06.33 | K28: 416+06.33 | L28: RT | M28: 17589
E29: 1 | I29: BLSR976 | J29: 416+22.74 | K29: 416+22.74 | L29: RT | M29: 1995
E30: 1 | I30: BLSR976 | J30: 416+27.54 | K30: 416+27.54 | L30: LT | M30: 1980
E31: 1 | I31: BLSR976 | J31: 416+40.58 | K31: 416+40.58 | L31: RT | M31: 1992
E32: 1 | I32: BLSR976 | J32: 416+75.51 | K32: 416+75.51 | L32: LT | M32: 1983
E33: 1 | I33: BLSR976 | J33: 417+33.73 | K33: 417+33.73 | L33: LT | M33: 1989
P35: Page 37 of 61
A36: 11/22/2024 2:38:12 PM

Sheet Page 38
A1: Summary of Signing and Pavement Marking - 44600115201
A2: Pay Item Number | B2: Pay Item Description | D2: Units of Measure | E2: Quantity | G2: Total Quantity | I2: Location | N2: Design Notes | O2: Construction Remarks
E3: P | F3: F | G3: P | H3: F | I3: Alignment | J3: Begin Station | K3: End Station | L3: Side | M3: Element ID
E4: 1 | I4: BLSR976 | J4: 417+33.81 | K4: 417+33.81 | L4: RT | M4: 1998
E5: 1 | I5: BLSR976 | J5: 419+52.54 | K5: 419+52.54 | L5: LT | M5: 2001
E6: 1 | I6: BLSR976 | J6: 421+40.85 | K6: 421+40.85 | L6: LT | M6: 3506
E7: 1 | I7: BLSR976 | J7: 421+51.52 | K7: 421+51.52 | L7: RT | M7: 2004
E8: 1 | I8: BLSR976 | J8: 422+85.14 | K8: 422+85.14 | L8: RT | M8: 2007
A9: 0700 13 15 | B9: Retroreflective Sign Strip, Furnish & Install 5' | D9: EA | E9: 1 | G9: 2 | I9: BLSR976 | J9: 413+19.69 | K9: 413+19.69 | L9: RT | M9: 27624
E10: 1 | I10: BLSR976 | J10: 416+85.79 | K10: 416+85.79 | L10: RT | M10: 27621
A11: 0705 11 1 | B11: Delineator, Flexible Tubular | D11: EA | E11: 1 | G11: 4 | I11: BLSR976 | J11: 415+67.03 | K11: 415+67.03 | L11: RT | M11: 27828
E12: 1 | I12: BLSR976 | J12: 415+97.76 | K12: 415+97.76 | L12: RT | M12: 27834
E13: 1 | I13: BLSR976 | J13: 421+24.41 | K13: 421+24.41 | L13: RT | M13: 27840
E14: 1 | I14: BLSR976 | J14: 421+91.54 | K14: 421+91.54 | L14: LT | M14: 27846
A15: 0706 1 3 | B15: Raised Pavement Marker, Type B | D15: EA | E15: 1 | G15: 346 | I15: BLSR976 | J15: 412+86.78 | K15: 412+86.78 | L15: RT | M15: 19982
E16: 1 | I16: BLSR976 | J16: 413+03.87 | K16: 413+03.87 | L16: LT | M16: 8762
E17: 1 | I17: BLSR976 | J17: 413+03.87 | K17: 413+03.87 | L17: LT | M17: 8526
E18: 1 | I18: BLSR976 | J18: 413+08.33 | K18: 413+08.33 | L18: RT | M18: 19975
E19: 1 | I19: BLSR976 | J19: 413+08.71 | K19: 413+08.71 | L19: RT | M19: 11664
E20: 1 | I20: BLSR976 | J20: 413+10.00 | K20: 413+10.00 | L20: RT | M20: 8271
E21: 1 | I21: BLSR976 | J21: 413+10.22 | K21: 413+10.22 | L21: RT | M21: 11671
E22: 1 | I22: BLSR976 | J22: 413+37.34 | K22: 413+37.34 | L22: RT | M22: 17136
E23: 1 | I23: BLSR976 | J23: 413+43.87 | K23: 413+43.87 | L23: LT | M23: 8755
E24: 1 | I24: BLSR976 | J24: 413+43.87 | K24: 413+43.87 | L24: LT | M24: 8519
E25: 1 | I25: BLSR976 | J25: 413+49.62 | K25: 413+49.62 | L25: RT | M25: 17143
E26: 1 | I26: BLSR976 | J26: 413+50.00 | K26: 413+50.00 | L26: RT | M26: 8278
E27: 1 | I27: BLSR976 | J27: 413+66.46 | K27: 413+66.46 | L27: RT | M27: 17157
... E34: 1 | I34: BLSR976 | J34: 414+30.00 | K34: 414+30.00 | L34: RT | M34: 8292
P36: Page 38 of 61
A37: 11/22/2024 2:38:12 PM

Sheet Page 39
A1: Summary of Signing and Pavement Marking - 44600115201
A2: Pay Item Number | B2: Pay Item Description | D2: Units of Measure | E2: Quantity | G2: Total Quantity | I2: Location | N2: Design Notes | O2: Construction Remarks
E3: P | F3: F | G3: P | H3: F | I3: Alignment | J3: Begin Station | K3: End Station | L3: Side | M3: Element ID
E4: 1 | I4: BLSR976 | J4: 414+35.87 | K4: 414+35.87 | L4: RT | M4: 9811
E5: 1 | I5: BLSR976 | J5: 414+55.87 | K5: 414+55.87 | L5: RT | M5: 9818
E6: 1 | I6: BLSR976 | J6: 414+63.87 | K6: 414+63.87 | L6: LT | M6: 8734
E7: 1 | I7: BLSR976 | J7: 414+63.87 | K7: 414+63.87 | L7: LT | M7: 8498
E8: 1 | I8: BLSR976 | J8: 414+70.00 | K8: 414+70.00 | L8: RT | M8: 8299
E9: 1 | I9: BLSR976 | J9: 414+75.87 | K9: 414+75.87 | L9: RT | M9: 9825
E10: 1 | I10: BLSR976 | J10: 414+95.87 | K10: 414+95.87 | L10: RT | M10: 9832
E11: 1 | I11: BLSR976 | J11: 415+10.00 | K11: 415+10.00 | L11: RT | M11: 8306
E12: 1 | I12: BLSR976 | J12: 415+12.20 | K12: 415+12.20 | L12: RT | M12: 19989
E13: 1 | I13: BLSR976 | J13: 415+15.87 | K13: 415+15.87 | L13: RT | M13: 9839
E14: 1 | I14: BLSR976 | J14: 415+35.87 | K14: 415+35.87 | L14: RT | M14: 9846
E15: 1 | I15: BLSR976 | J15: 415+39.87 | K15: 415+39.87 | L15: LT | M15: 8793
... E34: 1 | I34: BLSR976 | J34: 415+73.34 | K34: 415+73.34 | L34: RT | M34: 15852
P36: Page 39 of 61
A37: 11/22/2024 2:38:12 PM

Sheet Page 40
A1: Summary of Signing and Pavement Marking - 44600115201
A2: Pay Item Number | B2: Pay Item Description | D2: Units of Measure | E2: Quantity | G2: Total Quantity | I2: Location | N2: Design Notes | O2: Construction Remarks
E3: P | F3: F | G3: P | H3: F | I3: Alignment | J3: Begin Station | K3: End Station | L3: Side | M3: Element ID
E4: 1 | I4: BLSR976 | J4: 415+75.87 | K4: 415+75.87 | L4: RT | M4: 9860
E5: 1 | I5: BLSR976 | J5: 415+79.87 | K5: 415+79.87 | L5: LT | M5: 8599
E6: 1 | I6: BLSR976 | J6: 415+79.87 | K6: 415+79.87 | L6: LT | M6: 8800
E7: 1 | I7: BLSR976 | J7: 415+90.00 | K7: 415+90.00 | L7: RT | M7: 8320
E8: 1 | I8: BLSR976 | J8: 415+91.10 | K8: 415+91.10 | L8: RT | M8: 16099
E9: 1 | I9: BLSR976 | J9: 415+91.13 | K9: 415+91.13 | L9: RT | M9: 16092
E10: 1 | I10: BLSR976 | J10: 415+91.54 | K10: 415+91.54 | L10: RT | M10: 16106
E11: 1 | I11: BLSR976 | J11: 415+91.61 | K11: 415+91.61 | L11: RT | M11: 16064
E12: 1 | I12: BLSR976 | J12: 415+92.33 | K12: 415+92.33 | L12: RT | M12: 16071
E13: 1 | I13: BLSR976 | J13: 415+92.86 | K13: 415+92.86 | L13: RT | M13: 16113
E14: 1 | I14: BLSR976 | J14: 415+93.50 | K14: 415+93.50 | L14: RT | M14: 16078
E15: 1 | I15: BLSR976 | J15: 415+94.50 | K15: 415+94.50 | L15: RT | M15: 16120
... E34: 1 | I34: BLSR976 | J34: 416+91.87 | K34: 416+91.87 | L34: LT | M34: 11755
P36: Page 40 of 61
A37: 11/22/2024 2:38:12 PM

Sheet Page 41
A1: Summary of Signing and Pavement Marking - 44600115201
A2: Pay Item Number | B2: Pay Item Description | D2: Units of Measure | E2: Quantity | G2: Total Quantity | I2: Location | N2: Design Notes | O2: Construction Remarks
E3: P | F3: F | G3: P | H3: F | I3: Alignment | J3: Begin Station | K3: End Station | L3: Side | M3: Element ID
E4: 1 | I4: BLSR976 | J4: 416+93.17 | K4: 416+93.17 | L4: RT | M4: 9867
E5: 1 | I5: BLSR976 | J5: 416+99.85 | K5: 416+99.85 | L5: LT | M5: 8620
E6: 1 | I6: BLSR976 | J6: 417+10.00 | K6: 417+10.00 | L6: RT | M6: 8341
E7: 1 | I7: BLSR976 | J7: 417+13.17 | K7: 417+13.17 | L7: RT | M7: 9874
E8: 1 | I8: BLSR976 | J8: 417+33.17 | K8: 417+33.17 | L8: RT | M8: 9881
E9: 1 | I9: BLSR976 | J9: 417+39.84 | K9: 417+39.84 | L9: LT | M9: 8627
E10: 1 | I10: BLSR976 | J10: 417+50.00 | K10: 417+50.00 | L10: RT | M10: 8348
E11: 1 | I11: BLSR976 | J11: 417+50.57 | K11: 417+50.57 | L11: LT | M11: 18392
E12: 1 | I12: BLSR976 | J12: 417+53.17 | K12: 417+53.17 | L12: RT | M12: 9888
E13: 1 | I13: BLSR976 | J13: 417+70.57 | K13: 417+70.57 | L13: LT | M13: 18399
E14: 1 | I14: BLSR976 | J14: 417+71.22 | K14: 417+71.22 | L14: RT | M14: 18834
E15: 1 | I15: BLSR976 | J15: 417+73.17 | K15: 417+73.17 | L15: RT | M15: 9895
... E34: 1 | I34: BLSR976 | J34: 418+71.22 | K34: 418+71.22 | L34: RT | M34: 18799
P36: Page 41 of 61
A37: 11/22/2024 2:38:12 PM

Sheet Page 42
A1: Summary of Signing and Pavement Marking - 44600115201
A2: Pay Item Number | B2: Pay Item Description | D2: Units of Measure | E2: Quantity | G2: Total Quantity | I2: Location | N2: Design Notes | O2: Construction Remarks
E3: P | F3: F | G3: P | H3: F | I3: Alignment | J3: Begin Station | K3: End Station | L3: Side | M3: Element ID
E4: 1 | I4: BLSR976 | J4: 418+89.73 | K4: 418+89.73 | L4: RT | M4: 20052
E5: 1 | I5: BLSR976 | J5: 418+90.55 | K5: 418+90.55 | L5: RT | M5: 11706
E6: 1 | I6: BLSR976 | J6: 418+91.22 | K6: 418+91.22 | L6: RT | M6: 18792
E7: 1 | I7: BLSR976 | J7: 418+91.86 | K7: 418+91.86 | L7: RT | M7: 11713
E8: 1 | I8: BLSR976 | J8: 418+99.73 | K8: 418+99.73 | L8: LT | M8: 8655
E9: 1 | I9: BLSR976 | J9: 419+09.99 | K9: 419+09.99 | L9: RT | M9: 8376
E10: 1 | I10: BLSR976 | J10: 419+11.22 | K10: 419+11.22 | L10: RT | M10: 18785
E11: 1 | I11: BLSR976 | J11: 419+11.57 | K11: 419+11.57 | L11: LT | M11: 18434
E12: 1 | I12: BLSR976 | J12: 419+29.29 | K12: 419+29.29 | L12: RT | M12: 9325
E13: 1 | I13: BLSR976 | J13: 419+31.22 | K13: 419+31.22 | L13: RT | M13: 18778
E14: 1 | I14: BLSR976 | J14: 419+39.48 | K14: 419+39.48 | L14: RT | M14: 10042
E15: 1 | I15: BLSR976 | J15: 419+39.80 | K15: 419+39.80 | L15: LT | M15: 8662
... E34: 1 | I34: BLSR976 | J34: 420+09.23 | K34: 420+09.23 | L34: RT | M34: 9353
P36: Page 42 of 61
A37: 11/22/2024 2:38:12 PM

Sheet Page 43
A1: Summary of Signing and Pavement Marking - 44600115201
A2: Pay Item Number | B2: Pay Item Description | D2: Units of Measure | E2: Quantity | G2: Total Quantity | I2: Location | N2: Design Notes | O2: Construction Remarks
E3: P | F3: F | G3: P | H3: F | I3: Alignment | J3: Begin Station | K3: End Station | L3: Side | M3: Element ID
E4: 1 | I4: BLSR976 | J4: 420+11.22 | K4: 420+11.22 | L4: RT | M4: 18743
E5: 1 | I5: BLSR976 | J5: 420+19.45 | K5: 420+19.45 | L5: RT | M5: 10070
E6: 1 | I6: BLSR976 | J6: 420+19.48 | K6: 420+19.48 | L6: RT | M6: 10147
E7: 1 | I7: BLSR976 | J7: 420+19.79 | K7: 420+19.79 | L7: LT | M7: 8676
E8: 1 | I8: BLSR976 | J8: 420+27.66 | K8: 420+27.66 | L8: RT | M8: 9360
E9: 1 | I9: BLSR976 | J9: 420+27.86 | K9: 420+27.86 | L9: RT | M9: 9395
E10: 1 | I10: BLSR976 | J10: 420+31.22 | K10: 420+31.22 | L10: RT | M10: 18736
E11: 1 | I11: BLSR976 | J11: 420+39.45 | K11: 420+39.45 | L11: RT | M11: 10077
E12: 1 | I12: BLSR976 | J12: 420+39.48 | K12: 420+39.48 | L12: RT | M12: 10154
E13: 1 | I13: BLSR976 | J13: 420+47.83 | K13: 420+47.83 | L13: RT | M13: 9367
E14: 1 | I14: BLSR976 | J14: 420+47.85 | K14: 420+47.85 | L14: RT | M14: 9402
E15: 1 | I15: BLSR976 | J15: 420+51.22 | K15: 420+51.22 | L15: RT | M15: 18729
... E34: 1 | I34: BLSR976 | J34: 421+11.22 | K34: 421+11.22 | L34: RT | M34: 18620
P36: Page 43 of 61
A37: 11/22/2024 2:38:12 PM

Sheet Page 44
A1: Summary of Signing and Pavement Marking - 44600115201
A2: Pay Item Number | B2: Pay Item Description | D2: Units of Measure | E2: Quantity | G2: Total Quantity | I2: Location | N2: Design Notes | O2: Construction Remarks
E3: P | F3: F | G3: P | H3: F | I3: Alignment | J3: Begin Station | K3: End Station | L3: Side | M3: Element ID
E4: 1 | I4: BLSR976 | J4: 421+19.41 | K4: 421+19.41 | L4: RT | M4: 10105
E5: 1 | I5: BLSR976 | J5: 421+19.48 | K5: 421+19.48 | L5: RT | M5: 10182
E6: 1 | I6: BLSR976 | J6: 421+26.38 | K6: 421+26.38 | L6: RT | M6: 9451
E7: 1 | I7: BLSR976 | J7: 421+26.42 | K7: 421+26.42 | L7: RT | M7: 9647
E8: 1 | I8: BLSR976 | J8: 421+28.82 | K8: 421+28.82 | L8: RT | M8: 19844
E9: 1 | I9: BLSR976 | J9: 421+29.40 | K9: 421+29.40 | L9: RT | M9: 22999
E10: 1 | I10: BLSR976 | J10: 421+29.45 | K10: 421+29.45 | L10: RT | M10: 22929
E11: 1 | I11: BLSR976 | J11: 421+29.61 | K11: 421+29.61 | L11: RT | M11: 19886
E12: 1 | I12: BLSR976 | J12: 421+29.91 | K12: 421+29.91 | L12: RT | M12: 19858
E13: 1 | I13: BLSR976 | J13: 421+30.09 | K13: 421+30.09 | L13: RT | M13: 22992
E14: 1 | I14: BLSR976 | J14: 421+30.13 | K14: 421+30.13 | L14: RT | M14: 22922
E15: 1 | I15: BLSR976 | J15: 421+30.38 | K15: 421+30.38 | L15: RT | M15: 19872
... E34: 1 | I34: BLSR976 | J34: 421+35.72 | K34: 421+35.72 | L34: RT | M34: 10196
P36: Page 44 of 61
A37: 11/22/2024 2:38:12 PM

Sheet Page 45
A1: Summary of Signing and Pavement Marking - 44600115201
A2: Pay Item Number | B2: Pay Item Description | D2: Units of Measure | E2: Quantity | G2: Total Quantity | I2: Location | N2: Design Notes | O2: Construction Remarks
E3: P | F3: F | G3: P | H3: F | I3: Alignment | J3: Begin Station | K3: End Station | L3: Side | M3: Element ID
E4: 1 | I4: BLSR976 | J4: 421+52.80 | K4: 421+52.80 | L4: LT | M4: 9500
E5: 1 | I5: BLSR976 | J5: 421+54.48 | K5: 421+54.48 | L5: LT | M5: 9507
E6: 1 | I6: BLSR976 | J6: 421+56.15 | K6: 421+56.15 | L6: LT | M6: 9514
E7: 1 | I7: BLSR976 | J7: 421+64.01 | K7: 421+64.01 | L7: LT | M7: 9479
E8: 1 | I8: BLSR976 | J8: 421+65.38 | K8: 421+65.38 | L8: LT | M8: 9486
E9: 1 | I9: BLSR976 | J9: 421+66.75 | K9: 421+66.75 | L9: LT | M9: 9493
E10: 1 | I10: BLSR976 | J10: 421+74.89 | K10: 421+74.89 | L10: LT | M10: 9521
E11: 1 | I11: BLSR976 | J11: 421+76.47 | K11: 421+76.47 | L11: LT | M11: 9528
E12: 1 | I12: BLSR976 | J12: 421+76.75 | K12: 421+76.75 | L12: RT | M12: 8406
E13: 1 | I13: BLSR976 | J13: 421+78.05 | K13: 421+78.05 | L13: LT | M13: 9535
E14: 1 | I14: BLSR976 | J14: 421+86.97 | K14: 421+86.97 | L14: RT | M14: 11840
E15: 1 | I15: BLSR976 | J15: 421+87.18 | K15: 421+87.18 | L15: RT | M15: 17927
... E34: 1 | I34: BLSR976 | J34: 421+90.99 | K34: 421+90.99 | L34: RT | M34: 17976
P36: Page 45 of 61
A37: 11/22/2024 2:38:12 PM

Sheet Page 46
A1: Summary of Signing and Pavement Marking - 44600115201
A2: Pay Item Number | B2: Pay Item Description | D2: Units of Measure | E2: Quantity | G2: Total Quantity | I2: Location | N2: Design Notes | O2: Construction Remarks
E3: P | F3: F | G3: P | H3: F | I3: Alignment | J3: Begin Station | K3: End Station | L3: Side | M3: Element ID
E4: 1 | I4: BLSR976 | J4: 421+91.26 | K4: 421+91.26 | L4: LT | M4: 10908
E5: 1 | I5: BLSR976 | J5: 421+91.30 | K5: 421+91.30 | L5: RT | M5: 17990
E6: 1 | I6: BLSR976 | J6: 421+92.65 | K6: 421+92.65 | L6: LT | M6: 10922
E7: 1 | I7: BLSR976 | J7: 421+93.64 | K7: 421+93.64 | L7: LT | M7: 10929
E8: 1 | I8: BLSR976 | J8: 421+94.18 | K8: 421+94.18 | L8: LT | M8: 10936
E9: 1 | I9: BLSR976 | J9: 421+94.44 | K9: 421+94.44 | L9: LT | M9: 10943
E10: 1 | I10: BLSR976 | J10: 422+00.52 | K10: 422+00.52 | L10: RT | M10: 9262
E11: 1 | I11: BLSR976 | J11: 422+00.70 | K11: 422+00.70 | L11: RT | M11: 9269
E12: 1 | I12: BLSR976 | J12: 422+00.88 | K12: 422+00.88 | L12: RT | M12: 9276
E13: 1 | I13: BLSR976 | J13: 422+02.52 | K13: 422+02.52 | L13: LT | M13: 8398
E14: 1 | I14: BLSR976 | J14: 422+09.85 | K14: 422+09.85 | L14: RT | M14: 9241
E15: 1 | I15: BLSR976 | J15: 422+10.40 | K15: 422+10.40 | L15: RT | M15: 9248
... E34: 1 | I34: BLSR976 | J34: 422+62.94 | K34: 422+62.94 | L34: RT | M34: 12966
P36: Page 46 of 61
A37: 11/22/2024 2:38:12 PM

Sheet Page 47
A1: Summary of Signing and Pavement Marking - 44600115201
A2: Pay Item Number | B2: Pay Item Description | D2: Units of Measure | E2: Quantity | G2: Total Quantity | I2: Location | N2: Design Notes | O2: Construction Remarks
E3: P | F3: F | G3: P | H3: F | I3: Alignment | J3: Begin Station | K3: End Station | L3: Side | M3: Element ID
E4: 1 | I4: BLSR976 | J4: 422+63.04 | K4: 422+63.04 | L4: RT | M4: 17567
E5: 1 | I5: BLSR976 | J5: 422+66.90 | K5: 422+66.90 | L5: RT | M5: 7562
E6: 1 | I6: BLSR976 | J6: 422+68.62 | K6: 422+68.62 | L6: LT | M6: 9584
E7: 1 | I7: BLSR976 | J7: 422+68.62 | K7: 422+68.62 | L7: LT | M7: 9619
E8: 1 | I8: BLSR976 | J8: 422+77.50 | K8: 422+77.50 | L8: RT | M8: 18497
E9: 1 | I9: BLSR976 | J9: 422+82.90 | K9: 422+82.90 | L9: RT | M9: 18094
E10: 1 | I10: BLSR976 | J10: 422+82.91 | K10: 422+82.91 | L10: RT | M10: 18108
E11: 1 | I11: BLSR976 | J11: 422+82.94 | K11: 422+82.94 | L11: RT | M11: 18101
E12: 1 | I12: BLSR976 | J12: 422+83.04 | K12: 422+83.04 | L12: RT | M12: 18115
E13: 1 | I13: BLSR976 | J13: 422+88.62 | K13: 422+88.62 | L13: LT | M13: 9591
E14: 1 | I14: BLSR976 | J14: 422+88.62 | K14: 422+88.62 | L14: LT | M14: 9626
E15: 1 | I15: BLSR976 | J15: 422+97.50 | K15: 422+97.50 | L15: RT | M15: 18504
... E34: 1 | I34: BLSR976 | J34: 423+62.93 | K34: 423+62.93 | L34: RT | M34: 18192
P36: Page 47 of 61
A37: 11/22/2024 2:38:12 PM

Sheet Page 48
A1: Summary of Signing and Pavement Marking - 44600115201
A2: Pay Item Number | B2: Pay Item Description | D2: Units of Measure | E2: Quantity | G2: Total Quantity | I2: Location | N2: Design Notes | O2: Construction Remarks
E3: P | F3: F | G3: P | H3: F | I3: Alignment | J3: Begin Station | K3: End Station | L3: Side | M3: Element ID
E4: 1 | I4: BLSR976 | J4: 423+63.19 | K4: 423+63.19 | L4: LT | M4: 8146
E5: 1 | I5: BLSR976 | J5: 423+68.62 | K5: 423+68.62 | L5: LT | M5: 18339
E6: 1 | I6: BLSR976 | J6: 423+86.12 | K6: 423+86.12 | L6: RT | M6: 7583
E7: 1 | I7: BLSR976 | J7: 423+88.62 | K7: 423+88.62 | L7: LT | M7: 18346
E8: 1 | I8: BLSR976 | J8: 424+02.89 | K8: 424+02.89 | L8: LT | M8: 8153
E9: 1 | I9: BLSR976 | J9: 424+02.93 | K9: 424+02.93 | L9: RT | M9: 18227
E10: 1 | I10: BLSR976 | J10: 424+02.93 | K10: 424+02.93 | L10: RT | M10: 18220
E11: 1 | I11: BLSR976 | J11: 424+08.79 | K11: 424+08.79 | L11: LT | M11: 22325
E12: 1 | I12: BLSR976 | J12: 424+26.04 | K12: 424+26.04 | L12: RT | M12: 7590
E13: 1 | I13: BLSR976 | J13: 424+28.79 | K13: 424+28.79 | L13: LT | M13: 22332
E14: 1 | I14: BLSR976 | J14: 424+42.98 | K14: 424+42.98 | L14: RT | M14: 22311
E15: 1 | I15: BLSR976 | J15: 424+42.98 | K15: 424+42.98 | L15: RT | M15: 22304
... E34: 1 | I34: BLSR976 | J34: 427+06.04 | K34: 427+06.04 | L34: RT | M34: 7639
P36: Page 48 of 61
A37: 11/22/2024 2:38:12 PM

Sheet Page 49
A1: Summary of Signing and Pavement Marking - 44600115201
A2: Pay Item Number | B2: Pay Item Description | D2: Units of Measure | E2: Quantity | G2: Total Quantity | I2: Location | N2: Design Notes | O2: Construction Remarks
E3: P | F3: F | G3: P | H3: F | I3: Alignment | J3: Begin Station | K3: End Station | L3: Side | M3: Element ID
E4: 1 | I4: BLSR976 | J4: 427+22.05 | K4: 427+22.05 | L4: LT | M4: 8209
E5: 1 | I5: BLSR976 | J5: 427+46.04 | K5: 427+46.04 | L5: RT | M5: 7646
E6: 1 | I6: BLSR976 | J6: 427+62.05 | K6: 427+62.05 | L6: LT | M6: 8216
E7: 1 | I7: BLSR976 | J7: 427+86.04 | K7: 427+86.04 | L7: RT | M7: 7653
E8: 1 | I8: BLSR976 | J8: 428+02.05 | K8: 428+02.05 | L8: LT | M8: 8223
E9: 1 | I9: BLSR976 | J9: 428+26.04 | K9: 428+26.04 | L9: RT | M9: 7660
E10: 1 | I10: BLSR976 | J10: 428+29.30 | K10: 428+29.30 | L10: LT | M10: 18311
E11: 1 | I11: BLSR976 | J11: 428+29.30 | K11: 428+29.30 | L11: LT | M11: 18304
E12: 1 | I12: BLSR976 | J12: 428+34.18 | K12: 428+34.18 | L12: RT | M12: 9937
E13: 1 | I13: BLSR976 | J13: 428+42.05 | K13: 428+42.05 | L13: LT | M13: 8230
E14: 1 | I14: BLSR976 | J14: 428+54.18 | K14: 428+54.18 | L14: RT | M14: 9944
E15: 1 | I15: BLSR976 | J15: 428+66.04 | K15: 428+66.04 | L15: RT | M15: 7667
... E19: 1 | I19: BLSR976 | J19: 428+81.15 | K19: 428+81.15 | L19: LT | M19: 17912
A20: 0710 12290 | B20: Painted Pavement Markings, Durable Paint, Yellow, Island Nose | D20: SF | E20: 49.8 | G20: 98 | I20: BLSR976 | J20: 415+40.13 | K20: 415+73.91 | L20: RT | M20: 16301
E21: 36.1 | I21: BLSR976 | J21: 415+90.43 | K21: 416+07.87 | L21: RT | M21: 16317
E22: 5.4 | I22: BLSR976 | J22: 421+28.52 | K22: 421+30.84 | L22: RT | M22: 19088
E23: 7.1 | I23: BLSR976 | J23: 421+88.74 | K23: 421+94.70 | L23: LT | M23: 19003
A24: 0710 90 | B24: Painted Pavement Markings, Final Surface | D24: LS | E24: 1 | G24: 1 | I24: BLSR976 | J24: 412+85.00 | K24: 428+90.00 | L24: LT/RT
A25: 0711 11123 | B25: Thermoplastic, Standard, White, Solid, 12 For Crosswalk And Roundabout | D25: LF | E25: 45.2 | G25: 1107 | I25: BLSR976 | J25: 412+86.56 | K25: 413+31.78 | L25: RT | M25: 5983
E26: 39.2 | I26: BLSR976 | J26: 412+90.22 | K26: 413+29.46 | L26: RT | M26: 5984
E27: 40.6 | I27: BLSR976 | J27: 415+81.94 | K27: 416+22.53 | L27: RT | M27: 15648
E28: 31.7 | I28: BLSR976 | J28: 415+88.35 | K28: 416+20.01 | L28: RT | M28: 5982
E29: 43.7 | I29: BLSR976 | J29: 416+70.51 | K29: 417+14.26 | L29: LT | M29: 5986
E30: 25.6 | I30: BLSR976 | J30: 416+79.15 | K30: 417+04.77 | L30: LT | M30: 5985
E31: 39.4 | I31: BLSR976 | J31: 418+67.50 | K31: 419+06.94 | L31: RT | M31: 5979
E32: 30.3 | I32: BLSR976 | J32: 418+70.69 | K32: 419+00.94 | L32: RT | M32: 5980
E33: 83.5 | I33: BLSR976 | J33: 421+33.54 | K33: 421+37.23 | L33: LT/RT | M33: 5974
E34: 82.2 | I34: BLSR976 | J34: 421+44.45 | K34: 421+48.08 | L34: LT/RT | M34: 5968
P36: Page 49 of 61
A37: 11/22/2024 2:38:12 PM

Sheet Page 50
A1: Summary of Signing and Pavement Marking - 44600115201
A2: Pay Item Number | B2: Pay Item Description | D2: Units of Measure | E2: Quantity | G2: Total Quantity | I2: Location | N2: Design Notes | O2: Construction Remarks
E3: P | F3: F | G3: P | H3: F | I3: Alignment | J3: Begin Station | K3: End Station | L3: Side | M3: Element ID
E4: 84.9 | I4: BLSR976 | J4: 421+44.45 | K4: 422+29.31 | L4: LT | M4: 5969
E5: 78.1 | I5: BLSR976 | J5: 421+46.56 | K5: 422+24.71 | L5: LT | M5: 5973
E6: 12.7 | I6: BLSR976 | J6: 421+48.08 | K6: 421+58.09 | L6: RT | M6: 5971
E7: 62.4 | I7: BLSR976 | J7: 421+57.26 | K7: 422+19.63 | L7: RT | M7: 5975
E8: 62.0 | I8: BLSR976 | J8: 421+58.09 | K8: 422+19.99 | L8: RT | M8: 5967
E9: 22.4 | I9: BLSR976 | J9: 422+19.99 | K9: 422+30.99 | L9: RT | M9: 5972
E10: 73.7 | I10: BLSR976 | J10: 422+29.31 | K10: 422+31.07 | L10: LT/RT | M10: 5970
E11: 64.3 | I11: BLSR976 | J11: 422+40.36 | K11: 422+41.91 | L11: LT/RT | M11: 5976
E12: 34.5 | I12: BLSR976 | J12: 423+44.84 | K12: 423+79.30 | L12: RT | M12: 6262
E13: 25.2 | I13: BLSR976 | J13: 423+47.60 | K13: 423+72.74 | L13: RT | M13: 6263
E14: 40.6 | I14: BLSR976 | J14: 426+70.44 | K14: 427+11.00 | L14: RT | M14: 5988
E15: 38.3 | I15: BLSR976 | J15: 426+75.18 | K15: 427+13.47 | L15: LT | M15: 5978
E16: 24.1 | I16: BLSR976 | J16: 426+79.58 | K16: 427+03.73 | L16: LT | M16: 5977
E17: 22.3 | I17: BLSR976 | J17: 426+81.25 | K17: 427+03.55 | L17: RT | M17: 5987
A18: 0711 11124 | B18: Thermoplastic, Standard, White, Solid, 18 For Diagonals And Chevrons | D18: LF | E18: 13.8 | G18: 237 | I18: BLSR976 | J18: 413+38.44 | K18: 413+47.95 | L18: RT | M18: 17131
E19: 6.1 | I19: BLSR976 | J19: 413+58.44 | K19: 413+62.67 | L19: RT | M19: 17133
E20: 13.8 | I20: BLSR976 | J20: 416+29.17 | K20: 416+38.68 | L20: RT | M20: 6370
E21: 6.1 | I21: BLSR976 | J21: 416+49.17 | K21: 416+53.40 | L21: RT | M21: 6372
E22: 13.3 | I22: BLSR976 | J22: 417+37.74 | K22: 417+46.94 | L22: LT | M22: 6591
E23: 13.1 | I23: BLSR976 | J23: 417+57.54 | K23: 417+66.61 | L23: LT | M23: 6590
E24: 12.1 | I24: BLSR976 | J24: 417+77.61 | K24: 417+86.02 | L24: LT | M24: 6589
E25: 11.8 | I25: BLSR976 | J25: 417+97.68 | K25: 418+05.85 | L25: LT | M25: 6588
E26: 10.2 | I26: BLSR976 | J26: 418+18.35 | K26: 418+25.40 | L26: LT | M26: 6587
E27: 9.6 | I27: BLSR976 | J27: 418+58.68 | K27: 418+65.31 | L27: LT | M27: 6592
E28: 5.1 | I28: BLSR976 | J28: 418+99.76 | K28: 419+03.27 | L28: LT | M28: 6593
E29: 7.7 | I29: BLSR976 | J29: 419+17.53 | K29: 419+22.88 | L29: LT | M29: 6594
E30: 1.3 | I30: BLSR976 | J30: 419+51.57 | K30: 419+51.90 | L30: RT | M30: 6569
... E34: 2.9 | I34: BLSR976 | J34: 419+91.55 | K34: 419+92.49 | L34: RT | M34: 6567
P36: Page 50 of 61
A37: 11/22/2024 2:38:12 PM

Sheet Page 51
A1: Summary of Signing and Pavement Marking - 44600115201
A2: Pay Item Number | B2: Pay Item Description | D2: Units of Measure | E2: Quantity | G2: Total Quantity | I2: Location | N2: Design Notes | O2: Construction Remarks
E3: P | F3: F | G3: P | H3: F | I3: Alignment | J3: Begin Station | K3: End Station | L3: Side | M3: Element ID
E4: 5.2 | I4: BLSR976 | J4: 419+93.04 | K4: 419+96.66 | L4: LT | M4: 6597
E5: 3.7 | I5: BLSR976 | J5: 420+11.54 | K5: 420+12.79 | L5: RT | M5: 6566
E6: 4.5 | I6: BLSR976 | J6: 420+31.53 | K6: 420+33.09 | L6: RT | M6: 6565
E7: 3.6 | I7: BLSR976 | J7: 420+45.90 | K7: 420+48.39 | L7: LT | M7: 6598
E8: 5.4 | I8: BLSR976 | J8: 420+51.52 | K8: 420+53.30 | L8: RT | M8: 6564
E9: 2.7 | I9: BLSR976 | J9: 420+66.09 | K9: 420+67.95 | L9: LT | M9: 6599
E10: 6.2 | I10: BLSR976 | J10: 420+71.51 | K10: 420+73.59 | L10: RT | M10: 6563
E11: 1.8 | I11: BLSR976 | J11: 420+86.29 | K11: 420+87.51 | L11: LT | M11: 6600
E12: 7.0 | I12: BLSR976 | J12: 420+91.58 | K12: 420+93.89 | L12: RT | M12: 6562
E13: 7.8 | I13: BLSR976 | J13: 421+11.57 | K13: 421+14.19 | L13: RT | M13: 6561
E14: 8.6 | I14: BLSR976 | J14: 421+31.56 | K14: 421+34.48 | L14: RT | M14: 6557
E15: 13.8 | I15: BLSR976 | J15: 422+19.98 | K15: 422+29.93 | L15: RT | M15: 20710
E16: 7.0 | I16: BLSR976 | J16: 422+47.29 | K16: 422+52.34 | L16: RT | M16: 18020
E17: 6.2 | I17: BLSR976 | J17: 422+66.75 | K17: 422+71.23 | L17: RT | M17: 18033
E18: 5.5 | I18: BLSR976 | J18: 422+86.23 | K18: 422+90.17 | L18: RT | M18: 18034
E19: 4.7 | I19: BLSR976 | J19: 423+05.71 | K19: 423+09.11 | L19: RT | M19: 18035
E20: 4.1 | I20: BLSR976 | J20: 423+25.09 | K20: 423+28.05 | L20: RT | M20: 22855
A21: 0711 11125 | B21: Thermoplastic, Standard, White, Solid, 24 For Stop Line And Crosswalk | D21: LF | E21: 20.7 | G21: 292 | I21: BLSR976 | J21: 413+08.80 | K21: 413+29.55 | L21: RT | M21: 5672
E22: 31.5 | I22: BLSR976 | J22: 414+88.87 | K22: 414+88.87 | L22: LT/RT | M22: 6373
E23: 31.5 | I23: BLSR976 | J23: 415+14.87 | K23: 415+14.87 | L23: LT/RT | M23: 6374
E24: 20.4 | I24: BLSR976 | J24: 415+99.69 | K24: 416+20.05 | L24: RT | M24: 5671
E25: 11.6 | I25: BLSR976 | J25: 416+79.99 | K25: 416+91.60 | L25: LT | M25: 5680
E26: 10.2 | I26: BLSR976 | J26: 418+90.78 | K26: 419+00.96 | L26: RT | M26: 5675
E27: 33.6 | I27: BLSR976 | J27: 421+26.48 | K27: 421+27.14 | L27: RT | M27: 6582
E28: 10.6 | I28: BLSR976 | J28: 421+27.46 | K28: 421+27.46 | L28: RT | M28: 6583
E29: 41.8 | I29: BLSR976 | J29: 421+46.31 | K29: 421+88.14 | L29: LT | M29: 5679
E30: 29.4 | I30: BLSR976 | J30: 421+90.24 | K30: 422+19.64 | L30: RT | M30: 5676
E31: 29.0 | I31: BLSR976 | J31: 422+48.12 | K31: 422+48.12 | L31: LT/RT | M31: 6934
E32: 10.3 | I32: BLSR976 | J32: 426+81.32 | K32: 426+91.58 | L32: LT | M32: 22539
E33: 11.5 | I33: BLSR976 | J33: 426+93.19 | K33: 427+04.73 | L33: RT | M33: 5677
P35: Page 51 of 61
A36: 11/22/2024 2:38:12 PM

Sheet Page 52
A1: Summary of Signing and Pavement Marking - 44600115201
A2: Pay Item Number | B2: Pay Item Description | D2: Units of Measure | E2: Quantity | G2: Total Quantity | I2: Location | N2: Design Notes | O2: Construction Remarks
E3: P | F3: F | G3: P | H3: F | I3: Alignment | J3: Begin Station | K3: End Station | L3: Side | M3: Element ID
A4: 0711 11141 | B4: Thermoplastic, Standard, White, 2-4 Dotted Guideline/ 6-10 Gap Extension, 6" | D4: GM | E4: 0.0159 | G4: 0.016 | I4: BLSR976 | J4: 421+46.98 | K4: 422+30.46 | L4: RT | M4: 8072
A5: 0711 11160 | B5: Thermoplastic, Standard, White, Message Or Symbol | D5: EA | E5: 1 | G5: 7 | I5: BLSR976 | J5: 415+05.86 | K5: 415+05.86 | L5: LT | M5: 13263
E6: 1 | I6: BLSR976 | J6: 415+05.86 | K6: 415+05.86 | L6: RT | M6: 13407
E7: 1 | I7: BLSR976 | J7: 415+05.86 | K7: 415+05.86 | L7: LT | M7: 13335
E8: 1 | I8: BLSR976 | J8: 419+09.02 | K8: 419+09.02 | L8: RT | M8: 12664
E9: 1 | I9: BLSR976 | J9: 419+90.43 | K9: 419+90.43 | L9: RT | M9: 12704
E10: 1 | I10: BLSR976 | J10: 420+71.59 | K10: 420+71.59 | L10: RT | M10: 12744
E11: 1 | I11: BLSR976 | J11: 423+02.65 | K11: 423+02.65 | L11: RT | M11: 23426
A12: 0711 11170 | B12: Thermoplastic, Standard, White, Arrow | D12: EA | E12: 1 | G12: 22 | I12: BLSR976 | J12: 414+16.74 | K12: 414+16.74 | L12: RT | M12: 12095
E13: 1 | I13: BLSR976 | J13: 414+85.28 | K13: 414+85.28 | L13: RT | M13: 12082
E14: 1 | I14: BLSR976 | J14: 415+53.79 | K14: 415+53.79 | L14: RT | M14: 12069
E15: 1 | I15: BLSR976 | J15: 417+07.63 | K15: 417+07.63 | L15: RT | M15: 12056
E16: 1 | I16: BLSR976 | J16: 417+73.75 | K16: 417+73.75 | L16: RT | M16: 12043
E17: 1 | I17: BLSR976 | J17: 418+39.95 | K17: 418+39.95 | L17: RT | M17: 13479
E18: 1 | I18: BLSR976 | J18: 419+23.10 | K18: 419+23.10 | L18: RT | M18: 12017
E19: 1 | I19: BLSR976 | J19: 419+33.94 | K19: 419+33.94 | L19: RT | M19: 12108
E20: 1 | I20: BLSR976 | J20: 420+08.87 | K20: 420+08.87 | L20: RT | M20: 12004
E21: 1 | I21: BLSR976 | J21: 420+15.21 | K21: 420+15.21 | L21: RT | M21: 12121
E22: 1 | I22: BLSR976 | J22: 420+94.62 | K22: 420+94.62 | L22: RT | M22: 11991
E23: 1 | I23: BLSR976 | J23: 420+96.51 | K23: 420+96.51 | L23: RT | M23: 12134
E24: 1 | I24: BLSR976 | J24: 421+48.99 | K24: 421+48.99 | L24: LT | M24: 14809
... E33: 1 | I33: BLSR976 | J33: 428+48.61 | K33: 428+48.61 | L33: RT | M33: 11965
P35: Page 52 of 61
A36: 11/22/2024 2:38:12 PM

Sheet Page 53
A1: Summary of Signing and Pavement Marking - 44600115201
A2: Pay Item Number | B2: Pay Item Description | D2: Units of Measure | E2: Quantity | G2: Total Quantity | I2: Location | N2: Design Notes | O2: Construction Remarks
E3: P | F3: F | G3: P | H3: F | I3: Alignment | J3: Begin Station | K3: End Station | L3: Side | M3: Element ID
A4: 0711 11224 | B4: Thermoplastic, Standard, Yellow, Solid, 18 For Diagonal Or Chevrons | D4: LF | E4: 2.2 | G4: 129 | I4: BLSR976 | J4: 417+61.48 | K4: 417+63.09 | L4: RT | M4: 6549
E5: 2.9 | I5: BLSR976 | J5: 417+81.40 | K5: 417+83.52 | L5: RT | M5: 6550
E6: 3.6 | I6: BLSR976 | J6: 418+01.31 | K6: 418+03.93 | L6: RT | M6: 6551
E7: 4.3 | I7: BLSR976 | J7: 418+21.23 | K7: 418+24.36 | L7: RT | M7: 6552
E8: 5.1 | I8: BLSR976 | J8: 418+41.15 | K8: 418+44.80 | L8: RT | M8: 6553
E9: 5.8 | I9: BLSR976 | J9: 418+61.07 | K9: 418+65.26 | L9: RT | M9: 6554
E10: 6.6 | I10: BLSR976 | J10: 418+80.99 | K10: 418+85.72 | L10: RT | M10: 6555
E11: 7.3 | I11: BLSR976 | J11: 419+00.90 | K11: 419+06.13 | L11: RT | M11: 6556
E12: 7.8 | I12: BLSR976 | J12: 419+20.82 | K12: 419+26.43 | L12: RT | M12: 6544
E13: 8.3 | I13: BLSR976 | J13: 419+40.74 | K13: 419+46.69 | L13: RT | M13: 6543
E14: 8.1 | I14: BLSR976 | J14: 419+60.66 | K14: 419+66.52 | L14: RT | M14: 6542
E15: 7.9 | I15: BLSR976 | J15: 419+80.58 | K15: 419+86.25 | L15: RT | M15: 6541
E16: 7.5 | I16: BLSR976 | J16: 420+00.49 | K16: 420+05.93 | L16: RT | M16: 6540
... E24: 1.5 | I24: BLSR976 | J24: 421+88.65 | K24: 421+89.71 | L24: RT | M24: 8845
E25: 1.0 | I25: BLSR976 | J25: 421+89.30 | K25: 421+90.03 | L25: RT | M25: 8847
E26: 4.1 | I26: BLSR976 | J26: 422+51.87 | K26: 422+54.86 | L26: RT | M26: 6929
E27: 3.1 | I27: BLSR976 | J27: 422+72.26 | K27: 422+74.49 | L27: RT | M27: 6930
E28: 2.0 | I28: BLSR976 | J28: 422+92.66 | K28: 422+94.13 | L28: RT | M28: 6931
A29: 0711 11241 | B29: Thermoplastic, Standard, Yellow, 2-4 Dotted Guide Line /6-10 Dotted Extension Line, 6" | D29: GM | E29: 0.0151 | G29: 0.051 | I29: BLSR976 | J29: 421+45.80 | K29: 421+87.77 | L29: RT | M29: 17669
E30: 0.0110 | I30: BLSR976 | J30: 421+45.89 | K30: 421+90.68 | L30: LT/RT | M30: 7904
E31: 0.0141 | I31: BLSR976 | J31: 421+87.84 | K31: 422+30.13 | L31: RT | M31: 7919
E32: 0.0111 | I32: BLSR976 | J32: 421+94.93 | K32: 422+30.26 | L32: LT/RT | M32: 7925
A33: 0711 14125 | B33: Thermoplastic, Preformed, White, Solid, 24 For Crosswalk | D33: LF | E33: 11.0 | G33: 616 | I33: BLSR976 | J33: 418+71.69 | K33: 418+71.69 | L33: RT | M33: 22754
P35: Page 53 of 61
A36: 11/22/2024 2:38:12 PM

Sheet Page 54
A1: Summary of Signing and Pavement Marking - 44600115201
A2: Pay Item Number | B2: Pay Item Description | D2: Units of Measure | E2: Quantity | G2: Total Quantity | I2: Location | N2: Design Notes | O2: Construction Remarks
E3: P | F3: F | G3: P | H3: F | I3: Alignment | J3: Begin Station | K3: End Station | L3: Side | M3: Element ID
E4: 11.0 | I4: BLSR976 | J4: 418+76.57 | K4: 418+76.57 | L4: RT | M4: 22753
E5: 11.0 | I5: BLSR976 | J5: 418+81.44 | K5: 418+81.44 | L5: RT | M5: 22752
E6: 11.0 | I6: BLSR976 | J6: 418+86.32 | K6: 418+86.32 | L6: RT | M6: 22751
E7: 11.0 | I7: BLSR976 | J7: 418+91.19 | K7: 418+91.19 | L7: RT | M7: 22747
E8: 11.0 | I8: BLSR976 | J8: 418+96.07 | K8: 418+96.07 | L8: RT | M8: 22750
E9: 11.0 | I9: BLSR976 | J9: 419+00.94 | K9: 419+00.94 | L9: RT | M9: 22745
E10: 11.0 | I10: BLSR976 | J10: 421+33.74 | K10: 421+44.75 | L10: LT | M10: 8911
E11: 11.0 | I11: BLSR976 | J11: 421+34.04 | K11: 421+45.05 | L11: LT | M11: 8905
E12: 11.0 | I12: BLSR976 | J12: 421+34.33 | K12: 421+45.34 | L12: LT | M12: 8912
E13: 11.0 | I13: BLSR976 | J13: 421+34.62 | K13: 421+45.64 | L13: RT | M13: 8913
E14: 11.0 | I14: BLSR976 | J14: 421+34.92 | K14: 421+45.93 | L14: RT | M14: 8914
E15: 11.0 | I15: BLSR976 | J15: 421+35.21 | K15: 421+46.22 | L15: RT | M15: 8915
... E34: 11.0 | I34: BLSR976 | J34: 421+85.63 | K34: 421+86.50 | L34: LT | M34: 8890
P36: Page 54 of 61
A37: 11/22/2024 2:38:12 PM

Sheet Page 55
A1: Summary of Signing and Pavement Marking - 44600115201
A2: Pay Item Number | B2: Pay Item Description | D2: Units of Measure | E2: Quantity | G2: Total Quantity | I2: Location | N2: Design Notes | O2: Construction Remarks
E3: P | F3: F | G3: P | H3: F | I3: Alignment | J3: Begin Station | K3: End Station | L3: Side | M3: Element ID
E4: 11.0 | I4: BLSR976 | J4: 421+85.94 | K4: 421+85.94 | L4: RT | M4: 8926
E5: 11.0 | I5: BLSR976 | J5: 421+90.66 | K5: 421+90.66 | L5: RT | M5: 8925
E6: 11.0 | I6: BLSR976 | J6: 421+92.53 | K6: 421+93.40 | L6: LT | M6: 8883
E7: 11.0 | I7: BLSR976 | J7: 421+95.38 | K7: 421+95.38 | L7: RT | M7: 8924
E8: 11.0 | I8: BLSR976 | J8: 421+98.86 | K8: 421+99.73 | L8: LT | M8: 8891
E9: 11.0 | I9: BLSR976 | J9: 422+00.10 | K9: 422+00.10 | L9: RT | M9: 8909
E10: 11.0 | I10: BLSR976 | J10: 422+04.80 | K10: 422+04.80 | L10: RT | M10: 8922
E11: 11.0 | I11: BLSR976 | J11: 422+05.51 | K11: 422+06.38 | L11: LT | M11: 8880
E12: 11.0 | I12: BLSR976 | J12: 422+09.52 | K12: 422+09.52 | L12: RT | M12: 8908
E13: 11.0 | I13: BLSR976 | J13: 422+12.19 | K13: 422+13.06 | L13: LT | M13: 8892
E14: 11.0 | I14: BLSR976 | J14: 422+14.24 | K14: 422+14.24 | L14: RT | M14: 8923
E15: 11.0 | I15: BLSR976 | J15: 422+18.55 | K15: 422+19.42 | L15: LT | M15: 8884
... E27: 11.0 | I27: BLSR976 | J27: 422+30.89 | K27: 422+41.89 | L27: RT | M27: 8904
A28: 0711 16101 | B28: Thermoplastic, Standard, Other Surfaces, White, Solid, 6 | D28: GM | E28: 0.0731 | G28: 0.801 | I28: BLSR976 | J28: 412+85.00 | K28: 416+70.43 | L28: LT | M28: 6138
E29: 0.0004 | I29: BLSR976 | J29: 412+85.04 | K29: 412+86.52 | L29: RT | M29: 6323
E30: 0.0015 | I30: BLSR976 | J30: 412+90.22 | K30: 412+90.24 | L30: RT | M30: 6202
E31: 0.0015 | I31: BLSR976 | J31: 413+29.46 | K31: 413+29.57 | L31: RT | M31: 6203
E32: 0.0048 | I32: BLSR976 | J32: 413+31.78 | K32: 413+51.86 | L32: RT | M32: 17135
E33: 0.0441 | I33: BLSR976 | J33: 413+52.01 | K33: 415+81.93 | L33: RT | M33: 18880
E34: 0.0331 | I34: BLSR976 | J34: 414+01.79 | K34: 415+76.60 | L34: RT | M34: 15641
P36: Page 55 of 61
A37: 11/22/2024 2:38:12 PM

Sheet Page 56
A1: Summary of Signing and Pavement Marking - 44600115201
A2: Pay Item Number | B2: Pay Item Description | D2: Units of Measure | E2: Quantity | G2: Total Quantity | I2: Location | N2: Design Notes | O2: Construction Remarks
E3: P | F3: F | G3: P | H3: F | I3: Alignment | J3: Begin Station | K3: End Station | L3: Side | M3: Element ID
E4: 0.0014 | I4: BLSR976 | J4: 415+88.39 | K4: 415+89.07 | L4: RT | M4: 6204
E5: 0.0048 | I5: BLSR976 | J5: 416+22.53 | K5: 416+42.59 | L5: RT | M5: 15319
E6: 0.0432 | I6: BLSR976 | J6: 416+42.74 | K6: 418+67.47 | L6: RT | M6: 18883
E7: 0.0015 | I7: BLSR976 | J7: 416+79.15 | K7: 416+80.09 | L7: LT | M7: 6258
E8: 0.0322 | I8: BLSR976 | J8: 416+92.67 | K8: 418+62.80 | L8: RT | M8: 6614
E9: 0.0015 | I9: BLSR976 | J9: 417+02.94 | K9: 417+04.72 | L9: LT | M9: 6261
E10: 0.0049 | I10: BLSR976 | J10: 417+14.33 | K10: 417+35.63 | L10: LT | M10: 20797
E11: 0.0150 | I11: BLSR976 | J11: 417+35.70 | K11: 418+14.96 | L11: LT | M11: 20783
E12: 0.0032 | I12: BLSR976 | J12: 418+15.05 | K12: 418+29.56 | L12: LT | M12: 20798
E13: 0.0029 | I13: BLSR976 | J13: 418+47.67 | K13: 418+60.72 | L13: LT | M13: 20799
E14: 0.0009 | I14: BLSR976 | J14: 418+60.74 | K14: 418+65.44 | L14: LT | M14: 20778
E15: 0.0027 | I15: BLSR976 | J15: 418+65.44 | K15: 418+77.67 | L15: LT | M15: 20800
E16: 0.0014 | I16: BLSR976 | J16: 418+70.68 | K16: 418+70.81 | L16: RT | M16: 6226
E17: 0.0027 | I17: BLSR976 | J17: 418+95.58 | K17: 419+07.90 | L17: LT | M17: 20801
E18: 0.0015 | I18: BLSR976 | J18: 419+00.94 | K18: 419+00.96 | L18: RT | M18: 6227
E19: 0.0437 | I19: BLSR976 | J19: 419+07.02 | K19: 421+37.23 | L19: RT | M19: 6141
E20: 0.0022 | I20: BLSR976 | J20: 419+07.95 | K20: 419+19.39 | L20: LT | M20: 20760
E21: 0.0405 | I21: BLSR976 | J21: 419+13.19 | K21: 421+26.71 | L21: RT | M21: 18617
E22: 0.0024 | I22: BLSR976 | J22: 419+19.39 | K22: 419+30.37 | L22: LT | M22: 20802
E23: 0.0023 | I23: BLSR976 | J23: 419+49.27 | K23: 419+60.42 | L23: LT | M23: 20803
... E32: 0.0088 | I32: BLSR976 | J32: 421+63.94 | K32: 421+67.13 | L32: LT | M32: 6136
E33: 0.0090 | I33: BLSR976 | J33: 421+74.68 | K33: 421+78.43 | L33: LT | M33: 6137
E34: 0.0092 | I34: BLSR976 | J34: 422+00.10 | K34: 422+00.54 | L34: RT | M34: 6133
P36: Page 56 of 61
A37: 11/22/2024 2:38:12 PM

Sheet Page 57
A1: Summary of Signing and Pavement Marking - 44600115201
A2: Pay Item Number | B2: Pay Item Description | D2: Units of Measure | E2: Quantity | G2: Total Quantity | I2: Location | N2: Design Notes | O2: Construction Remarks
E3: P | F3: F | G3: P | H3: F | I3: Alignment | J3: Begin Station | K3: End Station | L3: Side | M3: Element ID
E4: 0.0091 | I4: BLSR976 | J4: 422+09.52 | K4: 422+10.63 | L4: RT | M4: 6134
E5: 0.0123 | I5: BLSR976 | J5: 422+16.40 | K5: 422+23.53 | L5: LT | M5: 6316
E6: 0.0092 | I6: BLSR976 | J6: 422+19.64 | K6: 422+29.86 | L6: RT | M6: 20746
E7: 0.0826 | I7: BLSR976 | J7: 422+40.42 | K7: 426+75.18 | L7: LT | M7: 6300
E8: 0.0179 | I8: BLSR976 | J8: 422+41.91 | K8: 423+34.17 | L8: RT | M8: 18027
E9: 0.0189 | I9: BLSR976 | J9: 422+48.12 | K9: 423+48.12 | L9: LT | M9: 6974
E10: 0.0341 | I10: BLSR976 | J10: 422+48.12 | K10: 424+28.13 | L10: LT | M10: 6979
E11: 0.0023 | I11: BLSR976 | J11: 423+34.24 | K11: 423+44.77 | L11: RT | M11: 18037
E12: 0.0003 | I12: BLSR976 | J12: 423+47.63 | K12: 423+47.69 | L12: RT | M12: 6230
E13: 0.0003 | I13: BLSR976 | J13: 423+72.50 | K13: 423+72.74 | L13: RT | M13: 6231
E14: 0.0556 | I14: BLSR976 | J14: 423+79.38 | K14: 426+70.36 | L14: RT | M14: 6149
E15: 0.0014 | I15: BLSR976 | J15: 426+79.58 | K15: 426+81.69 | L15: LT | M15: 6264
... E21: 0.0105 | I21: BLSR976 | J21: 428+33.61 | K21: 428+90.00 | L21: RT | M21: 6969
A22: 0711 16102 | B22: Thermoplastic, Standard, Other Surfaces, White, Solid, 8 | D22: GM | E22: 0.0412 | G22: 0.082 | I22: BLSR976 | J22: 419+18.98 | K22: 421+36.75 | L22: RT | M22: 6581
E23: 0.0412 | I23: BLSR976 | J23: 419+18.98 | K23: 421+36.47 | L23: RT | M23: 6580
A24: 0711 16131 | B24: Thermoplastic, Standard-Other Surfaces, White, Skip, 6",10-30 Skip Or 3-9 Lane Drop | D24: GM | E24: 0.1405 | G24: 0.603 | I24: BLSR976 | J24: 412+85.00 | K24: 420+26.95 | L24: RT | M24: 8266
E25: 0.0386 | I25: BLSR976 | J25: 412+85.00 | K25: 414+88.87 | L25: LT | M25: 8497
E26: 0.0386 | I26: BLSR976 | J26: 412+85.00 | K26: 414+88.87 | L26: LT | M26: 8733
E27: 0.0246 | I27: BLSR976 | J27: 415+14.87 | K27: 416+44.90 | L27: LT | M27: 8792
E28: 0.1165 | I28: BLSR976 | J28: 415+14.87 | K28: 421+29.74 | L28: LT | M28: 8591
E29: 0.0104 | I29: BLSR976 | J29: 421+76.09 | K29: 421+77.53 | L29: RT | M29: 17436
E30: 0.0149 | I30: BLSR976 | J30: 422+00.56 | K30: 422+06.71 | L30: LT | M30: 8397
E31: 0.1226 | I31: BLSR976 | J31: 422+41.44 | K31: 428+90.00 | L31: RT | M31: 7557
E32: 0.0967 | I32: BLSR976 | J32: 423+78.12 | K32: 428+90.00 | L32: LT | M32: 8145
A33: 0711 16171 | B33: Thermoplastic, Standard Other Surfaces, White, 6", 6-10 Dotted Managed Lane Marking | D33: GM | E33: 0.0133 | G33: 0.040 | I33: BLSR976 | J33: 418+43.19 | K33: 419+13.19 | L33: RT | M33: 16586
P35: Page 57 of 61
A36: 11/22/2024 2:38:12 PM

Sheet Page 58
A1: Summary of Signing and Pavement Marking - 44600115201
A2: Pay Item Number | B2: Pay Item Description | D2: Units of Measure | E2: Quantity | G2: Total Quantity | I2: Location | N2: Design Notes | O2: Construction Remarks
E3: P | F3: F | G3: P | H3: F | I3: Alignment | J3: Begin Station | K3: End Station | L3: Side | M3: Element ID
E4: 0.0133 | I4: BLSR976 | J4: 424+28.12 | K4: 424+98.12 | L4: LT | M4: 22184
E5: 0.0133 | I5: BLSR976 | J5: 427+63.61 | K5: 428+33.61 | L5: RT | M5: 17619
A6: 0711 16201 | B6: Thermoplastic, Standard, Other Surfaces, Yellow, Solid, 6 | D6: GM | E6: 0.0540 | G6: 0.507 | I6: BLSR976 | J6: 412+85.00 | K6: 415+69.93 | L6: RT | M6: 18876
E7: 0.0484 | I7: BLSR976 | J7: 412+85.00 | K7: 415+40.13 | L7: RT | M7: 6412
E8: 0.0004 | I8: BLSR976 | J8: 413+09.05 | K8: 413+09.05 | L8: RT | M8: 6357
E9: 0.0004 | I9: BLSR976 | J9: 413+09.88 | K9: 413+09.88 | L9: RT | M9: 6358
E10: 0.1009 | I10: BLSR976 | J10: 415+95.46 | K10: 421+28.01 | L10: RT | M10: 20806
E11: 0.0003 | I11: BLSR976 | J11: 415+99.69 | K11: 415+99.69 | L11: RT | M11: 6356
E12: 0.0003 | I12: BLSR976 | J12: 416+00.52 | K12: 416+00.52 | L12: RT | M12: 6355
E13: 0.0987 | I13: BLSR976 | J13: 416+07.94 | K13: 421+27.96 | L13: RT | M13: 18877
E14: 0.0004 | I14: BLSR976 | J14: 416+90.76 | K14: 416+90.76 | L14: LT | M14: 6341
E15: 0.0004 | I15: BLSR976 | J15: 416+91.60 | K15: 416+91.60 | L15: LT | M15: 6342
E16: 0.0003 | I16: BLSR976 | J16: 418+90.78 | K16: 418+90.78 | L16: RT | M16: 6354
E17: 0.0003 | I17: BLSR976 | J17: 418+91.61 | K17: 418+91.61 | L17: RT | M17: 6353
E18: 0.0028 | I18: BLSR976 | J18: 421+27.98 | K18: 421+32.57 | L18: RT | M18: 23319
E19: 0.0104 | I19: BLSR976 | J19: 421+83.89 | K19: 421+88.73 | L19: LT | M19: 6343
E20: 0.0200 | I20: BLSR976 | J20: 421+87.13 | K20: 421+91.02 | L20: RT | M20: 6349
E21: 0.0195 | I21: BLSR976 | J21: 421+87.96 | K21: 421+90.16 | L21: RT | M21: 17358
E22: 0.0104 | I22: BLSR976 | J22: 421+90.54 | K22: 421+94.78 | L22: LT | M22: 6344
E23: 0.0209 | I23: BLSR976 | J23: 422+45.87 | K23: 423+54.90 | L23: RT | M23: 17519
E24: 0.0209 | I24: BLSR976 | J24: 422+45.88 | K24: 423+54.80 | L24: RT | M24: 17523
E25: 0.0207 | I25: BLSR976 | J25: 422+46.65 | K25: 423+54.87 | L25: RT | M25: 18017
E26: 0.0207 | I26: BLSR976 | J26: 422+46.71 | K26: 423+54.96 | L26: RT | M26: 18014
E27: 0.0130 | I27: BLSR976 | J27: 423+54.87 | K27: 424+23.52 | L27: RT | M27: 18043
E28: 0.0130 | I28: BLSR976 | J28: 423+54.89 | K28: 424+23.52 | L28: RT | M28: 17580
E29: 0.0003 | I29: BLSR976 | J29: 426+90.74 | K29: 426+90.74 | L29: LT | M29: 6345
E30: 0.0003 | I30: BLSR976 | J30: 426+91.58 | K30: 426+91.58 | L30: LT | M30: 6346
E31: 0.0004 | I31: BLSR976 | J31: 426+93.19 | K31: 426+93.19 | L31: RT | M31: 6347
E32: 0.0004 | I32: BLSR976 | J32: 426+94.02 | K32: 426+94.02 | L32: RT | M32: 6348
E33: 0.0143 | I33: BLSR976 | J33: 428+13.61 | K33: 428+90.00 | L33: LT | M33: 26303
E34: 0.0142 | I34: BLSR976 | J34: 428+13.68 | K34: 428+90.00 | L34: LT | M34: 26302
P36: Page 58 of 61
A37: 11/22/2024 2:38:12 PM

Sheet Page 59
A1: Summary of Signing and Pavement Marking - 44600115201
A2: Pay Item Number | B2: Pay Item Description | D2: Units of Measure | E2: Quantity | G2: Total Quantity | I2: Location | N2: Design Notes | O2: Construction Remarks
E3: P | F3: F | G3: P | H3: F | I3: Alignment | J3: Begin Station | K3: End Station | L3: Side | M3: Element ID
A4: ...
A5: ...
A6: ...
P8: Page 59 of 61
A9: 11/22/2024 2:38:12 PM

Sheet Page 60
A1: Summary of Signing and Pavement Marking - 44600115202
A2: Pay Item Number | B2: Pay Item Description | D2: Units of Measure | E2: Quantity | G2: Total Quantity | I2: Location | N2: Design Notes | O2: Construction Remarks
E3: P | F3: F | G3: P | H3: F | I3: Alignment | J3: Begin Station | K3: End Station | L3: Side | M3: Element ID
A4: 0700 1111 | B4: Single Column Ground Sign Assembly, F&I Ground Mount, Less Than 12 SF | D4: EA | E4: 1 | G4: 2 | I4: BLSR976 | J4: 423+35.76 | K4: 423+35.76 | L4: RT | M4: 21692
E5: 1 | I5: BLSR976 | J5: 423+82.73 | K5: 423+82.73 | L5: LT | M5: 21695
A6: 0700 1112 | B6: Single Column Ground Sign Assembly, F&I Ground Mount, 12.0- 20.0 SF | D6: EA | E6: 1 | G6: 2 | I6: BLSR976 | J6: 425+22.85 | K6: 425+22.85 | L6: LT | M6: 25342
E7: 1 | I7: BLSR976 | J7: 426+91.34 | K7: 426+91.34 | L7: LT | M7: 21341
A8: 0700 1113 | B8: Single Column Ground Sign Assembly, F&I Ground Mount, 20.1- 30.0 SF | D8: EA | E8: 1 | G8: 2 | I8: BLSR976 | J8: 426+74.27 | K8: 426+74.27 | L8: LT | M8: 5290
E9: 1 | I9: BLSR976 | J9: 427+09.89 | K9: 427+09.89 | L9: RT | M9: 5287
A10: 0700 1600 | B10: Single Column Ground Sign Assembly, Remove | D10: EA | E10: 1 | G10: 6 | I10: BLSR976 | J10: 424+19.89 | K10: 424+19.89 | L10: RT | M10: 2013
E11: 1 | I11: BLSR976 | J11: 424+54.00 | K11: 424+54.00 | L11: LT | M11: 2010
E12: 1 | I12: BLSR976 | J12: 425+22.85 | K12: 425+22.85 | L12: LT | M12: 25339
E13: 1 | I13: BLSR976 | J13: 426+74.27 | K13: 426+74.27 | L13: LT | M13: 2016
E14: 1 | I14: BLSR976 | J14: 427+08.22 | K14: 427+08.22 | L14: RT | M14: 2019
E15: 1 | I15: BLSR976 | J15: 428+33.90 | K15: 428+33.90 | L15: LT | M15: 2022
A16: 0700 3501 | B16: Sign Panel, Relocate, Up To 12 SF | D16: EA | E16: 1 | G16: 8 | I16: BLSR976 | J16: 426+74.27 | K16: 426+74.27 | L16: LT | M16: 20216
E17: 1 | I17: BLSR976 | J17: 426+74.27 | K17: 426+74.27 | L17: LT | M17: 20219
E18: 1 | I18: BLSR976 | J18: 426+74.27 | K18: 426+74.27 | L18: LT | M18: 20066
E19: 1 | I19: BLSR976 | J19: 426+74.27 | K19: 426+74.27 | L19: LT | M19: 20213
E20: 1 | I20: BLSR976 | J20: 427+09.89 | K20: 427+09.89 | L20: RT | M20: 20231
E21: 1 | I21: BLSR976 | J21: 427+09.89 | K21: 427+09.89 | L21: RT | M21: 20228
E22: 1 | I22: BLSR976 | J22: 427+09.89 | K22: 427+09.89 | L22: RT | M22: 20222
E23: 1 | I23: BLSR976 | J23: 427+09.89 | K23: 427+09.89 | L23: RT | M23: 20225
A24: 0700 13 15 | B24: Retroreflective Sign Strip, Furnish & Install 5' | D24: EA | E24: 1 | G24: 2 | I24: BLSR976 | J24: 426+91.34 | K24: 426+91.34 | L24: LT | M24: 28146
E25: 1 | I25: BLSR976 | J25: 426+91.34 | K25: 426+91.34 | L25: LT | M25: 28143
A26: 0706 1 3 | B26: Raised Pavement Marker, Type B | D26: EA | E26: 45 | G26: 45 | I26: BLSR976 | J26: 424+82.93 | K26: 427+38.55 | L26: RT | M26: 18290
A27: 0710 90 | B27: Painted Pavement Markings, Final Surface | D27: LS | E27: 1 | G27: 1 | I27: BLSR976 | J27: 424+48.12 | K27: 428+13.68 | L27: LT/RT
A28: 0711 11160 | B28: Thermoplastic, Standard, White, Message Or Symbol | D28: EA | E28: 1 | G28: 2 | I28: BLSR976 | J28: 426+86.60 | K28: 426+86.60 | L28: LT | M28: 20580
E29: 1 | I29: BLSR976 | J29: 426+99.90 | K29: 426+99.90 | L29: RT | M29: 20535
A30: 0711 11170 | B30: Thermoplastic, Standard, White, Arrow | D30: EA | E30: 1 | G30: 6 | I30: BLSR976 | J30: 425+33.14 | K30: 425+33.14 | L30: LT | M30: 22259
E31: 1 | I31: BLSR976 | J31: 425+81.73 | K31: 425+81.73 | L31: LT | M31: 22165
E32: 1 | I32: BLSR976 | J32: 426+30.89 | K32: 426+30.89 | L32: RT | M32: 11978
P34: Page 60 of 61
A35: 11/22/2024 2:38:12 PM

Sheet Page 61
A1: Summary of Signing and Pavement Marking - 44600115202
A2: Pay Item Number | B2: Pay Item Description | D2: Units of Measure | E2: Quantity | G2: Total Quantity | I2: Location | N2: Design Notes | O2: Construction Remarks
E3: P | F3: F | G3: P | H3: F | I3: Alignment | J3: Begin Station | K3: End Station | L3: Side | M3: Element ID
E4: 1 | I4: BLSR976 | J4: 426+86.60 | K4: 426+86.60 | L4: LT | M4: 20447
E5: 1 | I5: BLSR976 | J5: 426+98.70 | K5: 426+98.70 | L5: RT | M5: 20434
E6: 1 | I6: BLSR976 | J6: 427+28.61 | K6: 427+28.61 | L6: LT | M6: 11952
A7: 0711 16101 | B7: Thermoplastic, Standard, Other Surfaces, White, Solid, 6 | D7: GM | E7: 0.0280 | G7: 0.034 | I7: BLSR976 | J7: 425+18.12 | K7: 426+65.89 | L7: RT | M7: 15307
E8: 0.0057 | I8: BLSR976 | J8: 427+13.68 | K8: 427+43.61 | L8: LT | M8: 15309
A9: 0711 16102 | B9: Thermoplastic, Standard, Other Surfaces, White, Solid, 8 | D9: GM | E9: 0.0042 | G9: 0.017 | I9: BLSR976 | J9: 426+65.89 | K9: 426+87.99 | L9: RT | M9: 17087
E10: 0.0052 | I10: BLSR976 | J10: 426+65.89 | K10: 426+90.46 | L10: LT/RT | M10: 11053
E11: 0.0045 | I11: BLSR976 | J11: 426+92.65 | K11: 427+13.80 | L11: LT/RT | M11: 18891
E12: 0.0036 | I12: BLSR976 | J12: 426+94.67 | K12: 427+13.80 | L12: LT | M12: 15255
A13: 0711 16171 | B13: Thermoplastic, Standard Other Surfaces, White, 6", 6-10 Dotted Managed Lane Marking | D13: GM | E13: 0.0133 | G13: 0.027 | I13: BLSR976 | J13: 424+48.13 | K13: 425+18.12 | L13: RT | M13: 17618
E14: 0.0133 | I14: BLSR976 | J14: 427+43.61 | K14: 428+13.61 | L14: LT | M14: 17620
A15: 0711 16201 | B15: Thermoplastic, Standard, Other Surfaces, Yellow, Solid, 6 | D15: GM | E15: 0.0097 | G15: 0.123 | I15: BLSR976 | J15: 424+48.12 | K15: 424+98.12 | L15: LT/RT | M15: 17349
E16: 0.0097 | I16: BLSR976 | J16: 424+48.13 | K16: 424+98.12 | L16: LT/RT | M16: 22150
E17: 0.0156 | I17: BLSR976 | J17: 424+98.12 | K17: 425+80.54 | L17: LT | M17: 17350
E18: 0.0318 | I18: BLSR976 | J18: 424+98.12 | K18: 426+65.89 | L18: LT | M18: 17357
E19: 0.0162 | I19: BLSR976 | J19: 425+80.54 | K19: 426+65.89 | L19: LT | M19: 17348
E20: 0.0009 | I20: BLSR976 | J20: 426+87.99 | K20: 426+92.65 | L20: RT | M20: 17088
E21: 0.0008 | I21: BLSR976 | J21: 426+90.54 | K21: 426+94.67 | L21: LT | M21: 17085
E22: 0.0094 | I22: BLSR976 | J22: 427+13.68 | K22: 427+63.53 | L22: RT | M22: 17344
E23: 0.0095 | I23: BLSR976 | J23: 427+13.68 | K23: 427+63.61 | L23: RT | M23: 17347
E24: 0.0097 | I24: BLSR976 | J24: 427+63.53 | K24: 428+13.61 | L24: LT/RT | M24: 26304
E25: 0.0097 | I25: BLSR976 | J25: 427+63.61 | K25: 428+13.68 | L25: LT/RT | M25: 26301
A26: ...
A27: ...
A28: ...
P30: Page 61 of 61
A31: 11/22/2024 2:38:12 PM
